Age,Cabin,Cabin_Known,Embarked,Fare,Parch,Pclass,Sex,SibSp,Title
-0.579797032004597,7.0,0.0,2.0,-0.5024451714361923,0.0,3.0,0.0,1.0,1.0
0.6487555584603084,2.0,1.0,0.0,0.7868452935884461,0.0,1.0,1.0,1.0,3.0
-0.27265888438837066,7.0,0.0,2.0,-0.4888542575852486,0.0,3.0,1.0,0.0,2.0
0.4184019477481386,2.0,1.0,2.0,0.4207302360686478,0.0,1.0,1.0,1.0,3.0
0.4184019477481386,7.0,0.0,2.0,-0.4863374216869257,0.0,3.0,0.0,0.0,1.0
-0.03514098567833399,7.0,0.0,1.0,-0.47811642890864375,0.0,3.0,0.0,0.0,1.0
1.877308148925214,4.0,1.0,2.0,0.395813560675251,0.0,1.0,0.0,0.0,1.0
-2.115487770085729,7.0,0.0,2.0,-0.22408312108167944,1.0,3.0,0.0,3.0,4.0
-0.19587434748431407,7.0,0.0,2.0,-0.4242561406845337,2.0,3.0,1.0,0.0,3.0
-1.1940733272370496,7.0,0.0,0.0,-0.04295550208861426,0.0,2.0,1.0,1.0,3.0
-1.9619186962776156,6.0,1.0,2.0,-0.312172377522981,1.0,3.0,1.0,1.0,2.0
2.18444629654144,2.0,1.0,2.0,-0.11384570873513637,0.0,1.0,1.0,0.0,2.0
-0.7333661058127102,7.0,0.0,2.0,-0.4863374216869257,0.0,3.0,0.0,0.0,1.0
0.725540095364365,7.0,0.0,2.0,-0.01870931177853076,5.0,3.0,0.0,1.0,1.0
-1.1940733272370496,7.0,0.0,2.0,-0.4902797934380587,0.0,3.0,1.0,0.0,2.0
1.9540926858292704,7.0,0.0,2.0,-0.3262666585535892,0.0,2.0,1.0,0.0,3.0
-2.115487770085729,7.0,0.0,1.0,-0.06199888922968463,1.0,3.0,0.0,4.0,4.0
-0.1526303119768497,7.0,0.0,2.0,-0.3866707201133388,0.0,2.0,0.0,0.0,1.0
0.11126380013191227,7.0,0.0,2.0,-0.2859972841804228,0.0,3.0,1.0,1.0,3.0
-0.20884340046647576,7.0,0.0,0.0,-0.5029485386158568,0.0,3.0,1.0,0.0,3.0
0.4184019477481386,7.0,0.0,2.0,-0.12491978668775715,0.0,2.0,0.0,0.0,1.0
0.34161741084408204,3.0,1.0,2.0,-0.3866707201133388,0.0,2.0,0.0,0.0,1.0
-1.117288790332993,7.0,0.0,1.0,-0.4867562231804066,0.0,3.0,1.0,0.0,2.0
-0.11908981058025749,0.0,1.0,2.0,0.06635974158478332,0.0,1.0,0.0,0.0,1.0
-1.6547805486613893,7.0,0.0,2.0,-0.22408312108167944,1.0,3.0,1.0,3.0,2.0
0.6487555584603084,7.0,0.0,2.0,-0.016444159470040135,5.0,3.0,1.0,1.0,3.0
-0.23826758643511753,7.0,0.0,0.0,-0.5029485386158568,0.0,3.0,0.0,0.0,1.0
-0.8101506427167667,2.0,1.0,2.0,4.647001076532463,2.0,1.0,0.0,3.0,1.0
0.19904643085432505,7.0,0.0,1.0,-0.48977642625839407,0.0,3.0,1.0,0.0,2.0
-0.12787980359514053,7.0,0.0,2.0,-0.4894421904510968,0.0,3.0,0.0,0.0,1.0
0.8023246322684215,7.0,0.0,0.0,-0.09027201697708476,0.0,1.0,0.0,0.0,5.0
0.3354476512196066,1.0,1.0,0.0,2.301728820789,0.0,1.0,1.0,1.0,3.0
-0.27569667682794746,7.0,0.0,1.0,-0.49237782784290063,0.0,3.0,1.0,0.0,2.0
2.7987225917738927,7.0,0.0,2.0,-0.43700743807979686,0.0,2.0,0.0,0.0,1.0
-0.11908981058025749,7.0,0.0,0.0,1.0060617003323709,0.0,1.0,0.0,1.0,1.0
0.9558937060765348,7.0,0.0,2.0,0.39858208016340624,0.0,1.0,0.0,1.0,1.0
-0.21784517234672102,7.0,0.0,0.0,-0.5028639729296732,0.0,3.0,0.0,0.0,1.0
-0.6565815689086536,7.0,0.0,2.0,-0.4863374216869257,0.0,3.0,0.0,0.0,1.0
-0.8869351796208234,7.0,0.0,2.0,-0.2859972841804228,0.0,3.0,1.0,2.0,2.0
-1.1940733272370496,7.0,0.0,0.0,-0.42207354059350805,0.0,3.0,1.0,1.0,2.0
0.8023246322684215,7.0,0.0,2.0,-0.4576454924460446,0.0,3.0,1.0,1.0,3.0
-0.19587434748431407,7.0,0.0,2.0,-0.22559322262067316,0.0,2.0,1.0,1.0,3.0
0.03178172462927107,7.0,0.0,0.0,-0.4894421904510968,0.0,3.0,0.0,0.0,1.0
-2.038703233181672,7.0,0.0,0.0,0.18876253192945994,2.0,2.0,1.0,1.0,2.0
-0.8101506427167667,7.0,0.0,1.0,-0.48977642625839407,0.0,3.0,1.0,0.0,2.0
-0.06161316479200196,7.0,0.0,2.0,-0.4863374216869257,0.0,3.0,0.0,0.0,1.0
-0.026078337794746047,7.0,0.0,1.0,-0.3363340021468808,0.0,3.0,0.0,1.0,1.0
-0.20618191555346949,7.0,0.0,1.0,-0.49237782784290063,0.0,3.0,1.0,0.0,2.0
0.06573781743272752,7.0,0.0,0.0,-0.21191774308354583,0.0,3.0,0.0,2.0,1.0
-0.8869351796208234,7.0,0.0,2.0,-0.29002422161773944,0.0,3.0,1.0,1.0,3.0
-1.7315650855654459,7.0,0.0,2.0,0.1506737441786005,1.0,3.0,0.0,4.0,4.0
-0.6565815689086536,7.0,0.0,2.0,-0.4913710934835715,0.0,3.0,0.0,0.0,1.0
1.493385464404931,3.0,1.0,0.0,0.8964967865378598,0.0,1.0,1.0,1.0,3.0
-0.042305273676200905,7.0,0.0,2.0,-0.12491978668775715,0.0,2.0,1.0,1.0,3.0
2.7219380548698364,1.0,1.0,0.0,0.5995101505357573,1.0,1.0,0.0,0.0,1.0
-0.10192414795308576,2.0,1.0,2.0,0.06635974158478332,0.0,1.0,0.0,0.0,1.0
-0.6565815689086536,7.0,0.0,2.0,-0.43700743807979686,0.0,2.0,1.0,0.0,2.0
-0.0806975421282292,7.0,0.0,0.0,-0.5028639729296732,0.0,3.0,0.0,0.0,1.0
-1.885134159373559,7.0,0.0,2.0,-0.08968408411123653,2.0,2.0,1.0,1.0,2.0
-1.4244269379492196,7.0,0.0,2.0,0.2958951755118318,2.0,3.0,0.0,5.0,4.0
-0.579797032004597,7.0,0.0,0.0,-0.5028639729296732,0.0,3.0,0.0,0.0,1.0
0.6487555584603084,1.0,1.0,2.0,0.962353321387736,0.0,1.0,1.0,0.0,2.0
1.1862473167887044,2.0,1.0,2.0,1.0323213593611125,0.0,1.0,0.0,1.0,1.0
-1.9619186962776156,7.0,0.0,2.0,-0.08666388103324908,2.0,3.0,0.0,3.0,4.0
-0.0915098651319653,7.0,0.0,0.0,-0.09027201697708476,0.0,1.0,0.0,0.0,1.0
-0.14219539087244246,7.0,0.0,0.0,-0.3414522396297103,1.0,3.0,0.0,1.0,4.0
-0.042305273676200905,5.0,1.0,2.0,-0.43700743807979686,0.0,2.0,1.0,0.0,3.0
-0.8101506427167667,7.0,0.0,2.0,-0.4841568350646187,0.0,3.0,0.0,0.0,1.0
-0.96371971652488,7.0,0.0,2.0,-0.4888542575852486,2.0,3.0,1.0,4.0,2.0
-0.27265888438837066,7.0,0.0,2.0,-0.47400492578514347,0.0,3.0,0.0,2.0,1.0
0.18804833703596888,7.0,0.0,2.0,-0.43700743807979686,0.0,2.0,0.0,0.0,1.0
-1.0405042534289366,7.0,0.0,2.0,0.2958951755118318,2.0,3.0,1.0,5.0,2.0
-0.6565815689086536,7.0,0.0,2.0,0.8314778546749452,0.0,2.0,0.0,0.0,1.0
-0.27265888438837066,7.0,0.0,0.0,-0.3573908580066095,0.0,3.0,0.0,1.0,1.0
0.18804833703596888,7.0,0.0,2.0,0.48910360681684706,0.0,3.0,0.0,0.0,1.0
-0.3494434212924273,5.0,1.0,2.0,-0.494391296561559,0.0,3.0,0.0,0.0,1.0
-0.08679137766078596,7.0,0.0,2.0,-0.4894421904510968,0.0,3.0,0.0,0.0,1.0
-0.14717046003169476,7.0,0.0,2.0,-0.4863374216869257,0.0,3.0,0.0,0.0,1.0
-2.205325678263475,7.0,0.0,2.0,-0.06451572512800753,2.0,2.0,0.0,0.0,4.0
0.03447926322785569,7.0,0.0,2.0,-0.397241430886295,0.0,3.0,1.0,0.0,2.0
-0.579797032004597,7.0,0.0,2.0,-0.46720946885967163,0.0,3.0,0.0,0.0,1.0
-0.042305273676200905,7.0,0.0,2.0,-0.45714212526638004,0.0,3.0,0.0,0.0,1.0
-0.30176972364329263,7.0,0.0,1.0,-0.49162277707340374,0.0,3.0,1.0,0.0,2.0
-0.11908981058025749,7.0,0.0,2.0,0.29992211294914856,0.0,1.0,0.0,0.0,1.0
-0.96371971652488,7.0,0.0,2.0,-0.43700743807979686,0.0,2.0,1.0,0.0,2.0
0.26483287394002547,7.0,0.0,2.0,-0.32928686163157667,0.0,3.0,1.0,3.0,3.0
-1.0405042534289366,7.0,0.0,2.0,0.04370821849987721,3.0,3.0,0.0,1.0,1.0
-0.2711917321585471,7.0,0.0,2.0,-0.4863374216869257,0.0,3.0,0.0,0.0,1.0
-0.5030124951005405,2.0,1.0,2.0,4.647001076532463,2.0,1.0,1.0,3.0,2.0
-0.42622795819648385,7.0,0.0,2.0,-0.4863374216869257,0.0,3.0,0.0,0.0,1.0
-0.042305273676200905,7.0,0.0,2.0,-0.4863374216869257,0.0,3.0,0.0,0.0,1.0
-0.7333661058127102,7.0,0.0,2.0,-0.4902797934380587,0.0,3.0,0.0,0.0,1.0
1.2630318536927612,4.0,1.0,2.0,0.5833178351003071,0.0,1.0,0.0,1.0,1.0
-0.27265888438837066,7.0,0.0,2.0,-0.23415046467497105,2.0,3.0,0.0,1.0,1.0
2.261230833445497,7.0,0.0,2.0,-0.5024451714361923,0.0,3.0,0.0,0.0,1.0
-0.2373088894324815,7.0,0.0,2.0,-0.4863374216869257,0.0,3.0,0.0,0.0,1.0
3.182645276294176,0.0,1.0,0.0,0.0493298231623713,0.0,1.0,0.0,0.0,1.0
-0.5030124951005405,3.0,1.0,0.0,0.6272778976347743,1.0,1.0,0.0,0.0,1.0
0.34161741084408204,7.0,0.0,2.0,-0.18532384824750675,1.0,2.0,1.0,0.0,3.0
0.34161741084408204,7.0,0.0,2.0,-0.12491978668775715,0.0,2.0,0.0,1.0,1.0
-0.11908981058025749,7.0,0.0,2.0,-0.4894421904510968,0.0,3.0,1.0,0.0,2.0
-0.14863835062222178,7.0,0.0,2.0,-0.4894421904510968,0.0,3.0,0.0,0.0,1.0
-0.6565815689086536,3.0,1.0,2.0,0.907737982394129,1.0,1.0,0.0,0.0,1.0
0.26483287394002547,7.0,0.0,2.0,-0.4741720436887921,0.0,3.0,0.0,0.0,1.0
0.5719710215562518,7.0,0.0,2.0,-0.4888542575852486,0.0,3.0,0.0,2.0,1.0
-0.11908981058025749,7.0,0.0,2.0,-0.4894421904510968,0.0,3.0,0.0,0.0,1.0
-0.6565815689086536,7.0,0.0,2.0,-0.494391296561559,0.0,3.0,1.0,0.0,2.0
-0.04288955981534765,7.0,0.0,2.0,-0.4918744606632361,0.0,3.0,0.0,0.0,1.0
0.6487555584603084,7.0,0.0,2.0,-0.4894421904510968,0.0,3.0,0.0,0.0,1.0
-0.23700397513221122,7.0,0.0,1.0,-0.1621689579829361,0.0,3.0,1.0,1.0,2.0
1.3398163905968177,2.0,1.0,2.0,0.39858208016340624,0.0,1.0,0.0,0.0,1.0
-1.1556810587850215,7.0,0.0,0.0,-0.3573908580066095,0.0,3.0,1.0,1.0,2.0
-0.579797032004597,7.0,0.0,2.0,-0.4863374216869257,0.0,3.0,0.0,0.0,1.0
-0.7333661058127102,7.0,0.0,2.0,-0.4505983519307405,0.0,3.0,1.0,1.0,2.0
-0.96371971652488,7.0,0.0,0.0,-0.3573083057891445,0.0,3.0,1.0,0.0,2.0
-0.6565815689086536,7.0,0.0,2.0,-0.4888542575852486,0.0,3.0,0.0,0.0,1.0
3.1442530078421473,7.0,0.0,1.0,-0.49237782784290063,0.0,3.0,0.0,0.0,1.0
-0.042305273676200905,7.0,0.0,2.0,-0.22559322262067316,0.0,2.0,0.0,1.0,1.0
-0.42622795819648385,1.0,1.0,0.0,4.335332226633905,1.0,1.0,0.0,0.0,1.0
-2.115487770085729,7.0,0.0,2.0,-0.01870931177853076,2.0,3.0,1.0,4.0,2.0
-0.6565815689086536,7.0,0.0,2.0,0.8314778546749452,0.0,2.0,0.0,2.0,1.0
-0.0829785658539248,7.0,0.0,2.0,-0.4863374216869257,0.0,3.0,0.0,0.0,1.0
0.22644060548799716,7.0,0.0,0.0,-0.04295550208861426,0.0,2.0,0.0,1.0,1.0
0.22644060548799716,4.0,1.0,2.0,-0.3866707201133388,0.0,2.0,1.0,0.0,2.0
1.877308148925214,3.0,1.0,2.0,0.907737982394129,1.0,1.0,0.0,0.0,1.0
-1.3476424010451629,7.0,0.0,0.0,-0.42207354059350805,0.0,3.0,0.0,1.0,4.0
-0.2401958746486378,7.0,0.0,1.0,-0.49237782784290063,0.0,3.0,0.0,0.0,1.0
-0.42622795819648385,7.0,0.0,2.0,-0.5046257580584992,0.0,3.0,0.0,0.0,1.0
0.08303910511263617,5.0,1.0,0.0,-0.19824427701513722,1.0,3.0,1.0,1.0,2.0
1.1862473167887044,7.0,0.0,2.0,-0.5079822104125026,0.0,3.0,0.0,0.0,1.0
0.26483287394002547,7.0,0.0,0.0,-0.4894421904510968,0.0,3.0,0.0,0.0,1.0
-0.7333661058127102,7.0,0.0,2.0,-0.5064721088735089,0.0,3.0,0.0,0.0,1.0
1.3398163905968177,7.0,0.0,2.0,-0.35646868933346404,0.0,3.0,1.0,1.0,3.0
-0.042305273676200905,7.0,0.0,2.0,-0.12491978668775715,0.0,2.0,1.0,1.0,3.0
-0.3494434212924273,7.0,0.0,2.0,-0.3866707201133388,0.0,2.0,0.0,0.0,1.0
-0.5030124951005405,7.0,0.0,0.0,-0.3454791770670269,0.0,2.0,0.0,0.0,1.0
-0.8101506427167667,3.0,1.0,2.0,-0.11921562980779811,2.0,1.0,1.0,0.0,2.0
0.5719710215562518,2.0,1.0,2.0,0.4207302360686478,0.0,1.0,0.0,1.0,1.0
-1.0405042534289366,7.0,0.0,2.0,-0.4628462821463391,0.0,3.0,0.0,0.0,1.0
-0.42622795819648385,1.0,1.0,0.0,0.9462455716384695,0.0,1.0,0.0,0.0,1.0
0.044659136551773324,7.0,0.0,0.0,-0.3414522396297103,2.0,3.0,1.0,0.0,3.0
-0.579797032004597,7.0,0.0,2.0,-0.49237782784290063,0.0,3.0,1.0,0.0,2.0
-0.42622795819648385,7.0,0.0,2.0,-0.32928686163157667,0.0,3.0,1.0,1.0,3.0
-0.8101506427167667,7.0,0.0,1.0,-0.5125125150294839,0.0,3.0,0.0,0.0,1.0
-0.8869351796208234,7.0,0.0,2.0,-0.41687275089321363,0.0,2.0,0.0,0.0,1.0
-0.8101506427167667,7.0,0.0,2.0,0.09152810056801232,1.0,2.0,0.0,1.0,1.0
-0.19587434748431407,7.0,0.0,2.0,-0.49145565916975514,0.0,3.0,0.0,0.0,1.0
-1.5779960117573326,7.0,0.0,2.0,0.04370821849987721,2.0,3.0,1.0,2.0,2.0
0.5335787531042235,5.0,1.0,2.0,-0.12491978668775715,2.0,2.0,0.0,0.0,1.0
0.9558937060765348,7.0,0.0,2.0,-0.3866707201133388,0.0,2.0,0.0,0.0,5.0
1.646954538213044,7.0,0.0,2.0,-0.39623469652696586,0.0,2.0,0.0,0.0,5.0
-0.579797032004597,2.0,1.0,2.0,0.6925485130875209,0.0,1.0,1.0,1.0,3.0
1.9924849542812988,7.0,0.0,2.0,-0.4863374216869257,0.0,3.0,0.0,0.0,1.0
0.8407169007204499,7.0,0.0,2.0,-0.35646868933346404,2.0,3.0,0.0,0.0,1.0
0.11462673887541074,7.0,0.0,2.0,-0.5011867534870308,0.0,3.0,0.0,0.0,1.0
1.646954538213044,7.0,0.0,0.0,0.5874293382238074,1.0,1.0,0.0,0.0,1.0
-1.0405042534289366,7.0,0.0,1.0,-0.49271407711891657,0.0,3.0,1.0,0.0,2.0
0.03447926322785569,7.0,0.0,2.0,-0.4863374216869257,0.0,3.0,0.0,0.0,1.0
-0.10384202351859952,7.0,0.0,2.0,-0.47400492578514347,0.0,3.0,0.0,0.0,1.0
0.09787914122128767,7.0,0.0,2.0,0.7519458402879414,2.0,3.0,0.0,8.0,4.0
1.109462779884648,7.0,0.0,2.0,-0.32425318983493084,1.0,3.0,0.0,0.0,1.0
0.8023246322684215,7.0,0.0,2.0,-0.331300330350235,0.0,2.0,1.0,0.0,3.0
-0.27265888438837066,7.0,0.0,2.0,-0.4918744606632361,0.0,3.0,0.0,0.0,1.0
-0.96371971652488,7.0,0.0,2.0,-0.47400492578514347,0.0,3.0,0.0,0.0,1.0
-2.1922723069897856,7.0,0.0,2.0,0.1506737441786005,1.0,3.0,0.0,4.0,4.0
-1.5779960117573326,7.0,0.0,2.0,-0.2351571990343002,2.0,3.0,0.0,0.0,4.0
0.14972189370845837,4.0,1.0,2.0,0.4589861417231558,1.0,1.0,1.0,0.0,3.0
1.1862473167887044,7.0,0.0,2.0,-0.08666388103324908,4.0,3.0,1.0,1.0,3.0
-0.33460624784105353,7.0,0.0,2.0,-0.12642988822675086,0.0,1.0,0.0,0.0,1.0
-0.11908981058025749,7.0,0.0,2.0,0.48910360681684706,0.0,3.0,0.0,0.0,1.0
2.41479990725361,1.0,1.0,2.0,0.026090367211616904,0.0,1.0,0.0,0.0,1.0
-1.9619186962776156,7.0,0.0,1.0,-0.06199888922968463,1.0,3.0,0.0,4.0,4.0
-2.1922723069897856,7.0,0.0,2.0,-0.4242561406845337,1.0,3.0,1.0,1.0,2.0
-0.6565815689086536,7.0,0.0,2.0,-0.4888542575852486,0.0,3.0,0.0,0.0,1.0
2.030877222733327,0.0,1.0,0.0,-0.030371322596999754,0.0,1.0,0.0,0.0,1.0
-0.8869351796208234,7.0,0.0,2.0,-0.4902797934380587,1.0,3.0,0.0,1.0,1.0
0.035536210694838324,7.0,0.0,2.0,-0.13565761536436197,1.0,3.0,0.0,3.0,4.0
1.5701700013089874,2.0,1.0,0.0,-0.07030444769415023,0.0,1.0,1.0,0.0,2.0
0.03447926322785569,7.0,0.0,2.0,-0.3866707201133388,0.0,2.0,0.0,0.0,1.0
0.4951864846521952,7.0,0.0,2.0,-0.6484216535389205,0.0,3.0,0.0,0.0,1.0
0.10173944477716505,7.0,0.0,2.0,0.7519458402879414,2.0,3.0,1.0,8.0,2.0
0.0021767582147877097,7.0,0.0,0.0,-0.34539461138084326,0.0,2.0,0.0,0.0,1.0
-1.5779960117573326,7.0,0.0,2.0,-0.016444159470040135,2.0,3.0,0.0,4.0,4.0
-2.1922723069897856,5.0,1.0,2.0,0.13683114673782454,1.0,2.0,0.0,2.0,4.0
-1.9619186962776156,7.0,0.0,2.0,-0.20495516825442542,2.0,3.0,1.0,0.0,2.0
0.007737164949349391,0.0,1.0,2.0,0.3583127057902398,0.0,1.0,0.0,0.0,1.0
-0.08165660077490398,7.0,0.0,1.0,-0.3363340021468808,0.0,3.0,1.0,1.0,3.0
1.1862473167887044,7.0,0.0,2.0,-0.11384570873513637,0.0,1.0,0.0,0.0,1.0
0.8023246322684215,7.0,0.0,1.0,-0.3363340021468808,1.0,3.0,0.0,1.0,1.0
0.4951864846521952,7.0,0.0,2.0,-0.4894421904510968,0.0,3.0,0.0,0.0,1.0
0.18804833703596888,7.0,0.0,2.0,-0.3866707201133388,0.0,2.0,1.0,0.0,3.0
-0.8101506427167667,7.0,0.0,2.0,-0.3866707201133388,0.0,2.0,0.0,0.0,1.0
-0.8101506427167667,7.0,0.0,2.0,-0.4902797934380587,0.0,3.0,1.0,1.0,2.0
-2.038703233181672,5.0,1.0,2.0,-0.12491978668775715,1.0,2.0,0.0,1.0,4.0
1.109462779884648,1.0,1.0,0.0,-0.09027201697708476,0.0,1.0,1.0,0.0,3.0
2.18444629654144,1.0,1.0,0.0,2.301728820789,0.0,1.0,1.0,0.0,2.0
-0.17205577630999347,7.0,0.0,1.0,-0.49237782784290063,0.0,3.0,0.0,0.0,1.0
0.9558937060765348,7.0,0.0,2.0,-0.47920571548543794,1.0,3.0,0.0,0.0,1.0
-0.11505762742122337,7.0,0.0,1.0,-0.49237782784290063,0.0,3.0,1.0,0.0,2.0
-0.42622795819648385,7.0,0.0,2.0,-0.3866707201133388,0.0,2.0,1.0,0.0,2.0
-0.11908981058025749,7.0,0.0,2.0,-0.45714212526638004,0.0,3.0,0.0,0.0,1.0
-0.04948099555060842,7.0,0.0,2.0,0.7519458402879414,2.0,3.0,0.0,8.0,1.0
0.34161741084408204,7.0,0.0,2.0,-0.5176307525123133,0.0,3.0,0.0,0.0,1.0
1.2246395852407328,7.0,0.0,0.0,-0.5029485386158568,0.0,3.0,0.0,0.0,1.0
-0.8869351796208234,7.0,0.0,2.0,-0.4863374216869257,0.0,3.0,0.0,0.0,1.0
-2.115487770085729,6.0,1.0,2.0,-0.43776248884929375,1.0,3.0,1.0,0.0,2.0
0.18804833703596888,7.0,0.0,2.0,-0.32928686163157667,0.0,3.0,0.0,1.0,1.0
-0.27265888438837066,7.0,0.0,0.0,-0.2701412180209885,0.0,3.0,0.0,0.0,1.0
-1.0405042534289366,7.0,0.0,1.0,-0.49237782784290063,0.0,3.0,1.0,0.0,2.0
0.8023246322684215,0.0,1.0,0.0,-0.024246350754841113,0.0,1.0,0.0,0.0,1.0
-0.42622795819648385,7.0,0.0,2.0,-0.5064721088735089,0.0,3.0,0.0,0.0,1.0
0.4184019477481386,7.0,0.0,2.0,-0.22559322262067316,0.0,2.0,1.0,0.0,2.0
-0.579797032004597,7.0,0.0,2.0,-0.5024451714361923,0.0,3.0,0.0,0.0,1.0
0.03447926322785569,7.0,0.0,2.0,-0.3866707201133388,0.0,2.0,0.0,0.0,1.0
-0.1764212819410486,7.0,0.0,1.0,-0.49237782784290063,0.0,3.0,0.0,1.0,1.0
0.11126380013191227,3.0,1.0,0.0,1.6323350375212924,0.0,1.0,1.0,1.0,2.0
-0.19587434748431407,7.0,0.0,2.0,-0.4888542575852486,0.0,3.0,1.0,0.0,2.0
0.9558937060765348,7.0,0.0,2.0,-0.10478509950117394,0.0,2.0,0.0,1.0,1.0
0.18804833703596888,3.0,1.0,0.0,0.8876878608937296,0.0,1.0,1.0,0.0,2.0
0.03447926322785569,7.0,0.0,2.0,-0.43700743807979686,0.0,2.0,0.0,0.0,1.0
-1.0405042534289366,7.0,0.0,2.0,-0.4863374216869257,0.0,3.0,0.0,0.0,1.0
-0.19587434748431407,7.0,0.0,2.0,-0.3866707201133388,0.0,2.0,0.0,0.0,1.0
1.646954538213044,7.0,0.0,2.0,-0.4863374216869257,0.0,3.0,0.0,0.0,1.0
-0.20763431037235236,7.0,0.0,2.0,-0.4894421904510968,0.0,3.0,0.0,0.0,1.0
0.6487555584603084,2.0,1.0,2.0,1.163700193253568,0.0,1.0,0.0,1.0,1.0
-0.579797032004597,7.0,0.0,2.0,-0.4601623283443675,0.0,3.0,0.0,0.0,1.0
-0.8101506427167667,7.0,0.0,2.0,-0.43700743807979686,0.0,2.0,0.0,0.0,1.0
-0.6949738373606819,7.0,0.0,2.0,-0.5024451714361923,0.0,3.0,0.0,0.0,1.0
-0.8869351796208234,7.0,0.0,2.0,-0.3866707201133388,0.0,2.0,0.0,0.0,1.0
0.05619138948794877,7.0,0.0,2.0,-0.13565761536436197,1.0,3.0,1.0,3.0,2.0
0.4184019477481386,2.0,1.0,2.0,1.0323213593611125,0.0,1.0,1.0,1.0,3.0
-0.042305273676200905,7.0,0.0,2.0,-0.4918744606632361,0.0,3.0,0.0,0.0,1.0
2.261230833445497,7.0,0.0,2.0,-0.3766033765200472,0.0,2.0,0.0,0.0,1.0
-1.885134159373559,7.0,0.0,2.0,-0.016444159470040135,2.0,3.0,1.0,4.0,2.0
-0.42622795819648385,7.0,0.0,2.0,-0.43700743807979686,0.0,2.0,0.0,0.0,1.0
-0.1373783368768793,7.0,0.0,2.0,-0.49640476528021726,0.0,3.0,1.0,0.0,2.0
1.109462779884648,7.0,0.0,2.0,-0.12491978668775715,0.0,2.0,0.0,1.0,1.0
-1.6547805486613893,7.0,0.0,2.0,-0.11988611489111134,2.0,2.0,1.0,0.0,2.0
-0.8101506427167667,7.0,0.0,2.0,-0.43700743807979686,0.0,2.0,0.0,0.0,1.0
0.26483287394002547,7.0,0.0,2.0,-0.4012683683236117,0.0,2.0,0.0,0.0,1.0
-0.17388865831805572,7.0,0.0,0.0,-0.3573908580066095,0.0,3.0,1.0,1.0,2.0
-0.06790090162835019,7.0,0.0,1.0,-0.3363340021468808,0.0,3.0,1.0,1.0,2.0
-0.042305273676200905,7.0,0.0,2.0,-0.43700743807979686,0.0,2.0,0.0,0.0,1.0
-0.579797032004597,7.0,0.0,2.0,-0.5049620073345151,0.0,3.0,0.0,0.0,1.0
0.03447926322785569,7.0,0.0,0.0,-0.5029485386158568,0.0,3.0,0.0,0.0,1.0
1.109462779884648,2.0,1.0,1.0,1.163700193253568,0.0,1.0,0.0,2.0,5.0
-0.3494434212924273,7.0,0.0,2.0,-0.4918744606632361,0.0,3.0,1.0,0.0,2.0
-0.42622795819648385,7.0,0.0,2.0,-0.35646868933346404,2.0,2.0,1.0,0.0,3.0
0.5719710215562518,3.0,1.0,2.0,0.40974072380221066,1.0,1.0,0.0,1.0,1.0
1.877308148925214,7.0,0.0,2.0,-0.12491978668775715,0.0,2.0,0.0,1.0,5.0
-0.026691798446519175,7.0,0.0,2.0,-0.5024451714361923,0.0,3.0,0.0,0.0,1.0
-0.042305273676200905,6.0,1.0,2.0,-0.43776248884929375,1.0,3.0,1.0,1.0,3.0
2.4915844441576667,2.0,1.0,2.0,-0.11384570873513637,0.0,1.0,0.0,0.0,1.0
0.03447926322785569,7.0,0.0,2.0,-0.32425318983493084,0.0,3.0,0.0,1.0,1.0
0.8791091691724782,7.0,0.0,2.0,-0.2414492887801075,2.0,3.0,1.0,0.0,3.0
-0.042305273676200905,7.0,0.0,0.0,-0.3414522396297103,2.0,3.0,1.0,0.0,3.0
0.1366899087249366,7.0,0.0,0.0,0.9462455716384695,0.0,1.0,1.0,0.0,3.0
0.03447926322785569,1.0,1.0,2.0,1.093228788100527,0.0,1.0,1.0,0.0,2.0
0.4184019477481386,7.0,0.0,0.0,9.667166525013505,0.0,1.0,1.0,0.0,2.0
1.5701700013089874,7.0,0.0,2.0,-0.12491978668775715,1.0,2.0,1.0,0.0,3.0
-0.18319249003820376,7.0,0.0,1.0,-0.49237782784290063,0.0,3.0,0.0,0.0,1.0
-2.038703233181672,7.0,0.0,2.0,-0.016444159470040135,2.0,3.0,0.0,4.0,4.0
1.7237390751171007,4.0,1.0,2.0,0.955306180872432,1.0,1.0,0.0,1.0,1.0
0.8023246322684215,1.0,1.0,2.0,-0.6484216535389205,0.0,1.0,0.0,0.0,1.0
-0.15704486098459922,7.0,0.0,1.0,-0.49237782784290063,0.0,3.0,1.0,0.0,2.0
0.4951864846521952,7.0,0.0,2.0,-0.43700743807979686,0.0,2.0,0.0,0.0,1.0
-1.0405042534289366,7.0,0.0,2.0,0.1506737441786005,1.0,3.0,0.0,4.0,1.0
-0.3494434212924273,7.0,0.0,2.0,-0.4918744606632361,0.0,3.0,0.0,1.0,1.0
2.18444629654144,2.0,1.0,2.0,2.441497778832105,1.0,1.0,1.0,0.0,3.0
0.4184019477481386,2.0,1.0,2.0,2.0825124140450755,0.0,1.0,1.0,0.0,2.0
-0.16564624807421188,7.0,0.0,2.0,-0.024246350754841113,0.0,1.0,0.0,0.0,1.0
-0.3494434212924273,7.0,0.0,2.0,-0.6484216535389205,0.0,3.0,0.0,0.0,1.0
0.8791091691724782,7.0,0.0,2.0,-0.255795253400548,1.0,2.0,1.0,0.0,3.0
0.5719710215562518,2.0,1.0,0.0,-0.05042144409739929,1.0,1.0,0.0,0.0,1.0
-0.19651938875563382,7.0,0.0,1.0,-0.49237782784290063,0.0,3.0,1.0,0.0,2.0
2.568368981061723,3.0,1.0,2.0,0.921244330558889,0.0,1.0,1.0,1.0,2.0
1.1862473167887044,7.0,0.0,2.0,-0.49237782784290063,0.0,3.0,1.0,0.0,2.0
-0.028663780368951338,7.0,0.0,2.0,-0.6484216535389205,0.0,2.0,0.0,0.0,1.0
-1.7315650855654459,7.0,0.0,1.0,-0.06199888922968463,1.0,3.0,0.0,4.0,4.0
0.4184019477481386,7.0,0.0,2.0,-0.24069423801061057,1.0,3.0,1.0,1.0,3.0
2.7219380548698364,7.0,0.0,1.0,-0.49237782784290063,0.0,3.0,0.0,0.0,1.0
-0.11908981058025749,7.0,0.0,2.0,-0.4902797934380587,0.0,3.0,0.0,0.0,1.0
-1.0405042534289366,7.0,0.0,2.0,-0.45714212526638004,0.0,3.0,0.0,0.0,1.0
-0.8101506427167667,7.0,0.0,2.0,-0.4863374216869257,0.0,3.0,0.0,0.0,1.0
0.18070377599147489,0.0,1.0,2.0,-0.12491978668775715,0.0,1.0,0.0,0.0,1.0
0.26483287394002547,7.0,0.0,0.0,-0.47400492578514347,0.0,3.0,0.0,0.0,1.0
0.03447926322785569,7.0,0.0,2.0,-0.45714212526638004,0.0,3.0,0.0,0.0,1.0
-0.579797032004597,7.0,0.0,2.0,-0.4894421904510968,0.0,3.0,0.0,0.0,1.0
0.9558937060765348,7.0,0.0,2.0,-0.3866707201133388,0.0,2.0,0.0,0.0,1.0
-0.579797032004597,7.0,0.0,1.0,-0.49237782784290063,0.0,3.0,1.0,0.0,2.0
-0.27265888438837066,7.0,0.0,2.0,0.9391984311231651,0.0,1.0,1.0,0.0,2.0
-0.8101506427167667,1.0,1.0,0.0,1.1854295476653287,0.0,1.0,1.0,1.0,3.0
0.4951864846521952,3.0,1.0,0.0,-0.3891875560116617,0.0,2.0,0.0,0.0,1.0
-0.42622795819648385,7.0,0.0,2.0,-0.4702296719376591,0.0,3.0,1.0,0.0,2.0
-0.42622795819648385,7.0,0.0,2.0,-0.4894421904510968,0.0,3.0,0.0,0.0,1.0
0.02021066790612396,7.0,0.0,0.0,-0.09027201697708476,0.0,1.0,0.0,0.0,1.0
-0.46462022664851216,7.0,0.0,0.0,-0.5028639729296732,0.0,3.0,0.0,0.0,1.0
-2.115487770085729,2.0,1.0,2.0,2.4029901895877646,2.0,1.0,1.0,1.0,2.0
-0.0923870866385304,2.0,1.0,2.0,-0.034313694348132716,0.0,1.0,0.0,0.0,1.0
1.5701700013089874,1.0,1.0,0.0,4.335332226633905,1.0,1.0,1.0,0.0,3.0
-0.07191640586166406,7.0,0.0,1.0,-0.49237782784290063,0.0,3.0,1.0,0.0,2.0
-0.14452817892609202,7.0,0.0,1.0,-0.18029017645086096,0.0,3.0,0.0,2.0,1.0
-0.8101506427167667,7.0,0.0,2.0,-0.6484216535389205,0.0,3.0,0.0,0.0,1.0
-0.07934786504754503,4.0,1.0,1.0,-0.3997582667846179,0.0,2.0,1.0,0.0,2.0
-0.14184770446123166,7.0,0.0,2.0,-0.4863374216869257,0.0,3.0,0.0,0.0,1.0
-2.1984150699421097,2.0,1.0,2.0,2.4029901895877646,2.0,1.0,0.0,1.0,4.0
0.15719217647546713,7.0,0.0,0.0,1.5841789061771412,0.0,1.0,1.0,0.0,2.0
-0.96371971652488,2.0,1.0,0.0,1.5442457810799908,0.0,1.0,1.0,1.0,3.0
0.03447926322785569,7.0,0.0,0.0,-0.16518916106092355,0.0,2.0,0.0,1.0,1.0
0.03447926322785569,4.0,1.0,0.0,0.49782998024351216,0.0,1.0,1.0,0.0,2.0
-0.42622795819648385,2.0,1.0,0.0,1.0259447039291216,0.0,1.0,1.0,0.0,2.0
-0.8869351796208234,1.0,1.0,0.0,4.634416897040849,2.0,1.0,1.0,2.0,2.0
-0.27265888438837066,7.0,0.0,2.0,-0.12491978668775715,1.0,2.0,1.0,1.0,3.0
-0.11908981058025749,7.0,0.0,2.0,-0.4894421904510968,0.0,3.0,0.0,0.0,1.0
1.0326782429805914,7.0,0.0,2.0,-0.11988611489111134,1.0,2.0,0.0,1.0,1.0
-0.27265888438837066,7.0,0.0,2.0,-0.4902797934380587,0.0,3.0,1.0,0.0,2.0
-0.42622795819648385,7.0,0.0,2.0,-0.12491978668775715,0.0,2.0,1.0,1.0,3.0
1.877308148925214,7.0,0.0,2.0,-0.36653603292675563,0.0,2.0,0.0,0.0,5.0
0.11126380013191227,2.0,1.0,2.0,2.671117778445337,2.0,1.0,1.0,0.0,2.0
0.8023246322684215,4.0,1.0,0.0,2.059693773056521,1.0,1.0,1.0,1.0,3.0
-0.579797032004597,7.0,0.0,2.0,-0.5024451714361923,0.0,3.0,0.0,0.0,1.0
-0.19587434748431407,7.0,0.0,2.0,-0.4894421904510968,0.0,3.0,0.0,0.0,1.0
0.03447926322785569,7.0,0.0,1.0,-0.3997582667846179,0.0,2.0,1.0,0.0,2.0
-0.579797032004597,7.0,0.0,2.0,-0.06451572512800753,1.0,2.0,1.0,1.0,3.0
0.030562697019870744,7.0,0.0,2.0,0.7519458402879414,2.0,3.0,0.0,8.0,1.0
0.4951864846521952,2.0,1.0,0.0,2.0825124140450755,0.0,1.0,1.0,0.0,2.0
2.41479990725361,7.0,0.0,2.0,-0.5228315422126077,0.0,3.0,0.0,0.0,1.0
0.4951864846521952,3.0,1.0,2.0,-0.3866707201133388,0.0,2.0,1.0,0.0,3.0
0.11126380013191227,7.0,0.0,2.0,-0.2351571990343002,1.0,3.0,1.0,1.0,3.0
-1.0405042534289366,1.0,1.0,0.0,0.5189714017894245,1.0,1.0,1.0,0.0,2.0
0.009814206667476708,7.0,0.0,1.0,-0.18029017645086096,0.0,3.0,1.0,2.0,2.0
1.2246395852407328,2.0,1.0,2.0,-0.07458306872129913,0.0,1.0,0.0,0.0,1.0
0.6487555584603084,2.0,1.0,2.0,2.441497778832105,1.0,1.0,0.0,0.0,1.0
-1.0405042534289366,7.0,0.0,2.0,-0.2859972841804228,0.0,3.0,0.0,2.0,1.0
0.09138341392355054,7.0,0.0,2.0,2.042579288947925,0.0,1.0,1.0,1.0,3.0
-0.05767831015373943,7.0,0.0,2.0,-0.4894421904510968,0.0,3.0,0.0,0.0,1.0
-0.042305273676200905,2.0,1.0,2.0,0.6925485130875209,0.0,1.0,0.0,1.0,1.0
0.8791091691724782,4.0,1.0,0.0,2.059693773056521,0.0,1.0,1.0,0.0,2.0
1.1862473167887044,7.0,0.0,2.0,-0.4863374216869257,0.0,3.0,0.0,0.0,1.0
1.1862473167887044,8.0,1.0,2.0,0.06635974158478332,0.0,1.0,0.0,0.0,1.0
-2.115487770085729,5.0,1.0,2.0,-0.12491978668775715,1.0,2.0,0.0,1.0,4.0
-0.42622795819648385,2.0,1.0,2.0,4.647001076532463,2.0,1.0,1.0,3.0,2.0
-0.11908981058025749,7.0,0.0,2.0,-0.3866707201133388,0.0,2.0,0.0,0.0,1.0
-0.3494434212924273,7.0,0.0,2.0,-0.3866707201133388,0.0,2.0,0.0,0.0,1.0
0.4951864846521952,7.0,0.0,2.0,-0.3866707201133388,0.0,2.0,0.0,0.0,1.0
-0.42622795819648385,5.0,1.0,2.0,-0.3866707201133388,0.0,2.0,1.0,0.0,2.0
0.8023246322684215,7.0,0.0,2.0,-0.3866707201133388,0.0,2.0,1.0,0.0,2.0
-0.018887574179638336,7.0,0.0,2.0,-0.32425318983493084,0.0,3.0,1.0,1.0,3.0
-2.038703233181672,7.0,0.0,2.0,-0.32828012727224753,1.0,3.0,0.0,1.0,4.0
0.9558937060765348,7.0,0.0,2.0,-0.47400492578514347,0.0,3.0,0.0,0.0,1.0
-0.5030124951005405,7.0,0.0,2.0,-0.4626791642426904,0.0,3.0,0.0,0.0,1.0
0.0336023658292083,2.0,1.0,2.0,0.05629239799149171,0.0,1.0,0.0,0.0,1.0
-1.117288790332993,7.0,0.0,0.0,-0.5028639729296732,1.0,3.0,0.0,1.0,1.0
-0.3494434212924273,7.0,0.0,2.0,-0.29002422161773944,0.0,3.0,0.0,1.0,1.0
-0.3121033194723116,7.0,0.0,0.0,-0.5029485386158568,0.0,3.0,0.0,0.0,1.0
-0.11908981058025749,7.0,0.0,2.0,-0.45714212526638004,0.0,3.0,0.0,0.0,1.0
-0.579797032004597,4.0,1.0,2.0,0.4589861417231558,1.0,1.0,1.0,0.0,2.0
0.6487555584603084,7.0,0.0,2.0,-0.3866707201133388,0.0,2.0,1.0,0.0,2.0
-0.21385675656213027,7.0,0.0,1.0,-0.48977642625839407,0.0,3.0,1.0,0.0,2.0
-0.059932960494005864,7.0,0.0,1.0,-0.48977642625839407,0.0,3.0,1.0,0.0,2.0
0.8023246322684215,7.0,0.0,2.0,-0.08666388103324908,4.0,3.0,0.0,1.0,1.0
-0.042305273676200905,7.0,0.0,0.0,-0.09027201697708476,0.0,2.0,0.0,1.0,1.0
1.1862473167887044,7.0,0.0,0.0,-0.3573908580066095,1.0,3.0,1.0,0.0,3.0
0.4184019477481386,7.0,0.0,2.0,-0.5064721088735089,0.0,3.0,0.0,0.0,1.0
-0.16282733638945648,7.0,0.0,1.0,-0.3363340021468808,0.0,3.0,0.0,1.0,1.0
0.03447926322785569,7.0,0.0,2.0,-0.5024451714361923,0.0,3.0,0.0,0.0,1.0
2.338015370349553,3.0,1.0,0.0,0.8667135572514657,0.0,1.0,1.0,1.0,3.0
-0.029059557582921804,7.0,0.0,0.0,-0.5028639729296732,0.0,3.0,1.0,0.0,3.0
-0.06297891671014341,7.0,0.0,1.0,-0.49237782784290063,0.0,3.0,1.0,0.0,2.0
-0.42622795819648385,1.0,1.0,0.0,0.7469121684912956,0.0,1.0,1.0,0.0,3.0
-0.3494434212924273,4.0,1.0,0.0,0.4678796330534696,0.0,1.0,0.0,1.0,1.0
-0.8869351796208234,7.0,0.0,2.0,-0.5176307525123133,0.0,3.0,0.0,1.0,1.0
-0.8101506427167667,7.0,0.0,2.0,-0.4863374216869257,0.0,3.0,0.0,0.0,1.0
-0.579797032004597,7.0,0.0,0.0,2.0825124140450755,0.0,1.0,0.0,0.0,1.0
-2.038703233181672,7.0,0.0,2.0,-0.22408312108167944,1.0,3.0,1.0,3.0,2.0
0.34857958201627165,7.0,0.0,0.0,1.0060617003323709,0.0,1.0,1.0,1.0,3.0
-0.579797032004597,7.0,0.0,2.0,-0.5024451714361923,0.0,3.0,1.0,0.0,2.0
-0.19587434748431407,2.0,1.0,0.0,3.610064686423428,2.0,1.0,0.0,0.0,1.0
-0.7333661058127102,7.0,0.0,0.0,-0.5676312212027554,0.0,3.0,0.0,0.0,1.0
-0.8101506427167667,7.0,0.0,2.0,-0.4918744606632361,0.0,3.0,0.0,0.0,1.0
0.9558937060765348,7.0,0.0,0.0,3.9327230485884233,0.0,1.0,1.0,0.0,2.0
-2.1922723069897856,7.0,0.0,0.0,-0.33146744825388363,2.0,3.0,1.0,0.0,2.0
0.18804833703596888,7.0,0.0,2.0,-0.4888542575852486,0.0,3.0,0.0,0.0,1.0
0.4184019477481386,7.0,0.0,2.0,0.39858208016340624,0.0,1.0,1.0,1.0,3.0
-0.309335511485367,7.0,0.0,2.0,-0.4894421904510968,0.0,3.0,0.0,0.0,1.0
-0.8869351796208234,7.0,0.0,2.0,0.8314778546749452,0.0,2.0,0.0,0.0,1.0
-2.1922723069897856,7.0,0.0,2.0,0.2958951755118318,2.0,3.0,0.0,5.0,4.0
0.4951864846521952,7.0,0.0,2.0,-0.3866707201133388,0.0,2.0,1.0,0.0,2.0
-0.053226966053644326,7.0,0.0,1.0,-0.49279662933638163,0.0,3.0,0.0,0.0,1.0
-0.96371971652488,7.0,0.0,0.0,-0.40680540729992204,0.0,2.0,1.0,0.0,2.0
0.4951864846521952,1.0,1.0,2.0,1.7677408088510642,2.0,1.0,0.0,1.0,1.0
-0.6565815689086536,7.0,0.0,2.0,-0.49145565916975514,0.0,3.0,0.0,0.0,1.0
-0.11908981058025749,7.0,0.0,2.0,-0.4888542575852486,0.0,3.0,0.0,2.0,1.0
-0.5030124951005405,3.0,1.0,0.0,1.6323350375212924,0.0,1.0,1.0,1.0,2.0
-0.42622795819648385,6.0,1.0,2.0,-0.312172377522981,2.0,3.0,1.0,0.0,3.0
-0.579797032004597,7.0,0.0,2.0,-0.49145565916975514,0.0,3.0,0.0,0.0,1.0
0.11126380013191227,7.0,0.0,2.0,-0.4902797934380587,0.0,3.0,1.0,0.0,2.0
1.2630318536927612,7.0,0.0,2.0,-0.12491978668775715,0.0,2.0,0.0,0.0,1.0
-0.5030124951005405,7.0,0.0,2.0,-0.43700743807979686,0.0,2.0,0.0,0.0,5.0
-0.11908981058025749,7.0,0.0,2.0,-0.393717860628643,0.0,2.0,1.0,0.0,3.0
0.725540095364365,7.0,0.0,2.0,-0.4888542575852486,0.0,3.0,0.0,0.0,1.0
-0.27265888438837066,7.0,0.0,2.0,-0.4863374216869257,0.0,3.0,0.0,0.0,1.0
-0.6565815689086536,7.0,0.0,2.0,-0.4505983519307405,0.0,3.0,1.0,1.0,2.0
-0.11908981058025749,7.0,0.0,2.0,-0.32928686163157667,0.0,3.0,0.0,1.0,1.0
-0.7333661058127102,7.0,0.0,2.0,-0.47400492578514347,0.0,3.0,1.0,0.0,2.0
0.34161741084408204,7.0,0.0,2.0,-0.22559322262067316,0.0,2.0,0.0,1.0,1.0
1.646954538213044,7.0,0.0,2.0,-0.49237782784290063,0.0,3.0,0.0,0.0,1.0
-2.038703233181672,7.0,0.0,2.0,-0.2708962687904854,1.0,2.0,0.0,1.0,4.0
-0.6565815689086536,7.0,0.0,2.0,-0.4918744606632361,0.0,3.0,0.0,0.0,1.0
-0.056131874972879345,7.0,0.0,2.0,-0.13565761536436197,1.0,3.0,1.0,3.0,2.0
-0.09486373784511139,7.0,0.0,2.0,-0.4894421904510968,0.0,3.0,0.0,0.0,1.0
-0.07342878230358278,7.0,0.0,1.0,-0.5103319284071769,0.0,3.0,0.0,0.0,1.0
0.26483287394002547,2.0,1.0,1.0,1.163700193253568,0.0,1.0,1.0,1.0,2.0
-0.040769933511033446,7.0,0.0,2.0,-0.6484216535389205,0.0,2.0,0.0,0.0,1.0
1.109462779884648,7.0,0.0,2.0,-0.4888542575852486,0.0,3.0,0.0,0.0,1.0
-0.22716286029192087,7.0,0.0,2.0,-0.4863374216869257,0.0,3.0,1.0,0.0,3.0
0.34161741084408204,7.0,0.0,2.0,0.005955680025033696,1.0,2.0,1.0,1.0,3.0
-0.8869351796208234,7.0,0.0,2.0,-0.3866707201133388,2.0,2.0,1.0,0.0,2.0
0.03447926322785569,7.0,0.0,2.0,-0.3866707201133388,0.0,2.0,0.0,0.0,1.0
-1.501211474853276,7.0,0.0,2.0,-0.1621689579829361,2.0,3.0,1.0,0.0,2.0
0.021453132232115712,7.0,0.0,0.0,-0.4894421904510968,0.0,3.0,0.0,0.0,1.0
-0.6565815689086536,7.0,0.0,1.0,-0.49271407711891657,0.0,3.0,0.0,0.0,1.0
-0.042305273676200905,7.0,0.0,2.0,-0.4898609919445778,0.0,3.0,0.0,0.0,1.0
-0.11908981058025749,7.0,0.0,2.0,-0.35848215805212236,1.0,3.0,1.0,1.0,3.0
-0.8869351796208234,7.0,0.0,2.0,-0.2414492887801075,1.0,3.0,0.0,1.0,1.0
-0.10395513532675703,7.0,0.0,2.0,-0.5024451714361923,0.0,3.0,0.0,0.0,1.0
-0.11908981058025749,7.0,0.0,2.0,-0.12491978668775715,0.0,2.0,1.0,1.0,3.0
-0.8101506427167667,7.0,0.0,2.0,-0.12491978668775715,0.0,2.0,1.0,0.0,2.0
0.048605012098099136,7.0,0.0,1.0,-0.49237782784290063,0.0,3.0,0.0,0.0,1.0
0.18804833703596888,4.0,1.0,2.0,-0.4863374216869257,0.0,3.0,0.0,0.0,1.0
-0.11908981058025749,2.0,1.0,2.0,-0.11384570873513637,0.0,1.0,0.0,0.0,1.0
-0.10367303305219636,7.0,0.0,2.0,-0.32425318983493084,0.0,3.0,1.0,1.0,3.0
0.9558937060765348,7.0,0.0,2.0,-0.12491978668775715,0.0,2.0,1.0,1.0,3.0
-0.96371971652488,7.0,0.0,2.0,-0.5049620073345151,0.0,3.0,0.0,0.0,1.0
1.5701700013089874,4.0,1.0,2.0,0.4771073601910807,0.0,1.0,0.0,1.0,1.0
-1.1940733272370496,1.0,1.0,2.0,1.7677408088510642,2.0,1.0,1.0,1.0,2.0
-0.6565815689086536,7.0,0.0,2.0,0.04370821849987721,2.0,3.0,1.0,2.0,2.0
-0.42622795819648385,7.0,0.0,2.0,-0.2708962687904854,3.0,2.0,1.0,2.0,3.0
2.6451535179657797,2.0,1.0,2.0,4.647001076532463,4.0,1.0,0.0,1.0,1.0
0.11126380013191227,7.0,0.0,2.0,-0.43700743807979686,0.0,2.0,0.0,0.0,1.0
1.1862473167887044,7.0,0.0,2.0,-0.11988611489111134,1.0,2.0,1.0,1.0,3.0
-0.7333661058127102,7.0,0.0,2.0,-0.45714212526638004,0.0,3.0,0.0,0.0,1.0
-0.3494434212924273,7.0,0.0,2.0,-0.4918744606632361,0.0,3.0,0.0,1.0,1.0
-0.11908981058025749,7.0,0.0,2.0,-0.3866707201133388,0.0,2.0,1.0,0.0,2.0
-0.06364768755225088,7.0,0.0,2.0,-0.48507900373776425,0.0,3.0,0.0,0.0,1.0
-1.9619186962776156,0.0,1.0,2.0,0.9997696105865636,2.0,1.0,0.0,0.0,4.0
-1.2708578641411064,7.0,0.0,2.0,-0.255795253400548,1.0,2.0,1.0,0.0,2.0
0.34161741084408204,7.0,0.0,2.0,-0.11384570873513637,0.0,1.0,0.0,0.0,1.0
-1.885134159373559,7.0,0.0,0.0,-0.26066180729354516,1.0,3.0,1.0,2.0,2.0
1.7237390751171007,2.0,1.0,2.0,-0.034313694348132716,0.0,1.0,0.0,0.0,5.0
0.4951864846521952,7.0,0.0,2.0,-0.08968408411123653,2.0,2.0,0.0,1.0,1.0
-0.002503375295981144,7.0,0.0,2.0,-0.2463983948905696,0.0,3.0,0.0,1.0,1.0
0.03447926322785569,2.0,1.0,0.0,-0.08968408411123653,0.0,1.0,0.0,0.0,1.0
1.493385464404931,2.0,1.0,0.0,1.145663540471827,0.0,1.0,0.0,1.0,1.0
-0.04764569720995163,7.0,0.0,2.0,-0.4863374216869257,0.0,3.0,0.0,0.0,1.0
-0.042305273676200905,7.0,0.0,0.0,-0.4894421904510968,0.0,3.0,0.0,0.0,1.0
2.7219380548698364,4.0,1.0,2.0,-0.11384570873513637,0.0,1.0,0.0,0.0,1.0
0.21791954986205653,3.0,1.0,2.0,0.395813560675251,0.0,1.0,1.0,1.0,3.0
1.5701700013089874,7.0,0.0,2.0,-0.43700743807979686,0.0,2.0,1.0,0.0,2.0
0.009517725801104078,7.0,0.0,1.0,-0.49237782784290063,0.0,3.0,0.0,0.0,1.0
1.4166009275008742,4.0,1.0,2.0,-0.11384570873513637,0.0,1.0,0.0,0.0,1.0
0.34161741084408204,7.0,0.0,2.0,-0.4863374216869257,0.0,3.0,0.0,0.0,1.0
1.3398163905968177,4.0,1.0,2.0,0.12676380314453292,0.0,1.0,0.0,0.0,1.0
1.4166009275008742,7.0,0.0,2.0,-0.3866707201133388,0.0,2.0,0.0,0.0,1.0
-0.1748532522698378,7.0,0.0,2.0,-0.4863374216869257,0.0,3.0,0.0,0.0,1.0
0.6487555584603084,7.0,0.0,2.0,-0.5064721088735089,0.0,3.0,0.0,0.0,1.0
-0.032427475321307526,7.0,0.0,2.0,-0.6484216535389205,0.0,2.0,0.0,0.0,1.0
2.030877222733327,7.0,0.0,2.0,-0.11384570873513637,0.0,1.0,0.0,0.0,1.0
-0.07326738884538318,7.0,0.0,1.0,-0.4928811950225652,0.0,3.0,0.0,0.0,1.0
-2.2114684412157994,7.0,0.0,0.0,-0.26066180729354516,1.0,3.0,1.0,2.0,2.0
-0.07857937523792381,7.0,0.0,2.0,-0.5024451714361923,0.0,3.0,0.0,0.0,1.0
0.6487555584603084,7.0,0.0,2.0,-0.47400492578514347,0.0,3.0,0.0,0.0,1.0
0.26483287394002547,7.0,0.0,2.0,-0.08968408411123653,2.0,2.0,1.0,1.0,3.0
-0.5030124951005405,3.0,1.0,0.0,-0.3707300882677209,0.0,2.0,1.0,0.0,3.0
-0.579797032004597,7.0,0.0,2.0,-0.45034666834090825,0.0,3.0,1.0,0.0,2.0
0.05999381604378105,0.0,1.0,2.0,0.39858208016340624,0.0,1.0,0.0,0.0,1.0
0.34161741084408204,7.0,0.0,2.0,-0.22559322262067316,0.0,2.0,0.0,1.0,1.0
-0.042305273676200905,7.0,0.0,2.0,-0.5065566745596926,0.0,3.0,0.0,1.0,1.0
-0.579797032004597,7.0,0.0,2.0,-0.4969926981460655,0.0,3.0,0.0,0.0,1.0
-2.115487770085729,7.0,0.0,2.0,-0.4010166847337793,1.0,3.0,1.0,0.0,2.0
-1.5779960117573326,7.0,0.0,2.0,0.2958951755118318,2.0,3.0,0.0,5.0,4.0
-0.08108760915886579,7.0,0.0,2.0,-0.6484216535389205,0.0,2.0,0.0,0.0,1.0
1.5701700013089874,7.0,0.0,2.0,-0.4863374216869257,0.0,3.0,0.0,0.0,1.0
2.568368981061723,7.0,0.0,2.0,-0.455380340137554,0.0,3.0,1.0,0.0,3.0
-0.3494434212924273,1.0,1.0,0.0,1.1854295476653287,0.0,1.0,0.0,1.0,1.0
0.058857570397541116,7.0,0.0,2.0,-0.13565761536436197,1.0,3.0,1.0,3.0,2.0
0.4184019477481386,2.0,1.0,2.0,1.163700193253568,0.0,1.0,1.0,1.0,3.0
2.18444629654144,1.0,1.0,0.0,-0.05042144409739929,0.0,1.0,0.0,0.0,1.0
0.03447926322785569,7.0,0.0,2.0,-0.4863374216869257,0.0,3.0,0.0,0.0,1.0
-1.5779960117573326,7.0,0.0,2.0,-0.32828012727224753,1.0,3.0,0.0,1.0,4.0
0.10549260715011334,7.0,0.0,2.0,-0.2463983948905696,0.0,3.0,0.0,1.0,1.0
-0.6565815689086536,7.0,0.0,2.0,-0.5024451714361923,0.0,3.0,0.0,0.0,1.0
1.9540926858292704,2.0,1.0,2.0,-0.034313694348132716,0.0,1.0,0.0,0.0,1.0
3.182645276294176,7.0,0.0,0.0,0.3483299278831318,0.0,1.0,0.0,0.0,1.0
-0.6565815689086536,7.0,0.0,2.0,-0.4863374216869257,0.0,3.0,0.0,0.0,1.0
0.008814563832965779,7.0,0.0,0.0,-0.3573083057891445,0.0,3.0,0.0,0.0,1.0
1.877308148925214,3.0,1.0,0.0,0.9274538680872313,0.0,1.0,1.0,1.0,2.0
0.08211865833751224,7.0,0.0,2.0,-0.3443878770215141,0.0,3.0,0.0,0.0,1.0
-0.3494434212924273,2.0,1.0,2.0,2.4029901895877646,2.0,1.0,1.0,1.0,3.0
-0.42622795819648385,7.0,0.0,2.0,-0.49145565916975514,0.0,3.0,0.0,0.0,1.0
-0.96371971652488,7.0,0.0,2.0,-0.47400492578514347,0.0,3.0,0.0,0.0,1.0
-0.6565815689086536,7.0,0.0,1.0,-0.49237782784290063,0.0,3.0,1.0,0.0,2.0
0.033064960188410174,7.0,0.0,1.0,-0.4948100980550399,0.0,3.0,1.0,0.0,2.0
0.5719710215562518,7.0,0.0,2.0,-0.455380340137554,0.0,3.0,1.0,0.0,2.0
-1.0405042534289366,1.0,1.0,2.0,1.093228788100527,0.0,1.0,1.0,0.0,2.0
-0.8869351796208234,2.0,1.0,0.0,1.5442457810799908,0.0,1.0,0.0,1.0,1.0
0.26483287394002547,7.0,0.0,2.0,-0.12491978668775715,2.0,2.0,1.0,0.0,3.0
-0.03307800762523674,7.0,0.0,2.0,-0.11384570873513637,0.0,1.0,0.0,0.0,1.0
-0.11908981058025749,7.0,0.0,2.0,-0.1948878246611338,0.0,3.0,0.0,0.0,1.0
-0.27265888438837066,7.0,0.0,2.0,0.48910360681684706,0.0,3.0,0.0,0.0,1.0
-0.042305273676200905,7.0,0.0,1.0,-0.49237782784290063,0.0,3.0,0.0,0.0,1.0
-0.20493541354384368,7.0,0.0,2.0,-0.4863374216869257,0.0,3.0,0.0,0.0,1.0
0.4951864846521952,4.0,1.0,2.0,-0.11913106412161445,0.0,1.0,0.0,0.0,1.0
1.877308148925214,7.0,0.0,0.0,0.5475787653441219,0.0,1.0,1.0,1.0,3.0
-0.42622795819648385,7.0,0.0,2.0,-0.4974960653257301,0.0,3.0,0.0,0.0,1.0
1.3398163905968177,3.0,1.0,2.0,0.036576512298389464,0.0,1.0,0.0,0.0,1.0
0.34161741084408204,5.0,1.0,2.0,-0.43700743807979686,0.0,2.0,1.0,0.0,3.0
-0.000726285842318295,7.0,0.0,1.0,-0.1621689579829361,0.0,3.0,0.0,0.0,1.0
0.4951864846521952,7.0,0.0,2.0,-0.12491978668775715,0.0,2.0,1.0,1.0,3.0
0.18804833703596888,7.0,0.0,2.0,-0.4894421904510968,0.0,3.0,0.0,0.0,1.0
0.03447926322785569,1.0,1.0,2.0,1.2341715984066093,0.0,1.0,1.0,0.0,2.0
-0.579797032004597,7.0,0.0,2.0,-0.4894421904510968,0.0,3.0,0.0,0.0,1.0
-0.10547044421925206,7.0,0.0,0.0,-0.5029485386158568,0.0,3.0,0.0,0.0,1.0
1.109462779884648,1.0,1.0,0.0,0.5189714017894245,1.0,1.0,1.0,0.0,3.0
0.05332984878703945,7.0,0.0,0.0,-0.5028639729296732,0.0,3.0,0.0,0.0,1.0
0.8407169007204499,7.0,0.0,1.0,-0.49237782784290063,0.0,3.0,0.0,0.0,1.0
1.5701700013089874,7.0,0.0,2.0,-0.43700743807979686,0.0,2.0,1.0,0.0,2.0
0.5824477181503567,2.0,1.0,2.0,3.817033162951754,0.0,1.0,0.0,0.0,1.0
0.725540095364365,7.0,0.0,2.0,-0.4888542575852486,0.0,3.0,0.0,0.0,1.0
-0.5030124951005405,7.0,0.0,2.0,-0.41687275089321363,1.0,2.0,0.0,2.0,1.0
-2.115487770085729,7.0,0.0,2.0,-0.12491978668775715,1.0,2.0,1.0,1.0,2.0
-0.025140685880545858,7.0,0.0,0.0,-0.5028639729296732,0.0,3.0,0.0,0.0,1.0
-0.96371971652488,7.0,0.0,0.0,-0.5028639729296732,1.0,3.0,0.0,1.0,1.0
0.07830075844150522,7.0,0.0,0.0,-0.19824427701513722,2.0,3.0,1.0,0.0,3.0
0.03447926322785569,7.0,0.0,2.0,-0.47400492578514347,0.0,3.0,1.0,0.0,2.0
-1.7315650855654459,7.0,0.0,2.0,-0.11988611489111134,2.0,2.0,1.0,0.0,2.0
1.1862473167887044,1.0,1.0,2.0,-0.11384570873513637,0.0,1.0,0.0,0.0,5.0
0.03447926322785569,7.0,0.0,0.0,1.4944124302931971,0.0,1.0,1.0,0.0,2.0
-0.07008102071006317,7.0,0.0,2.0,-0.35646868933346404,0.0,3.0,0.0,0.0,1.0
-0.579797032004597,1.0,1.0,0.0,0.3482453621969482,2.0,1.0,1.0,0.0,2.0
0.4951864846521952,1.0,1.0,2.0,0.7811411367084872,2.0,1.0,1.0,0.0,2.0
-1.5779960117573326,7.0,0.0,2.0,-0.01870931177853076,2.0,3.0,1.0,4.0,2.0
-1.4244269379492196,7.0,0.0,2.0,-0.01870931177853076,2.0,3.0,1.0,4.0,2.0
0.18804833703596888,7.0,0.0,2.0,-0.12491978668775715,0.0,2.0,0.0,1.0,1.0
1.5701700013089874,2.0,1.0,0.0,1.4944124302931971,0.0,1.0,0.0,1.0,1.0
2.6451535179657797,7.0,0.0,2.0,-0.12491978668775715,0.0,1.0,0.0,0.0,1.0
-0.8101506427167667,7.0,0.0,2.0,-0.12491978668775715,0.0,2.0,1.0,1.0,3.0
-0.31638827919762064,7.0,0.0,0.0,-0.3693045524149108,0.0,2.0,0.0,0.0,1.0
0.26483287394002547,7.0,0.0,2.0,-0.2351571990343002,1.0,3.0,0.0,1.0,1.0
-1.6547805486613893,7.0,0.0,2.0,0.09152810056801232,1.0,2.0,0.0,1.0,4.0
-0.96371971652488,2.0,1.0,0.0,1.5841789061771412,2.0,1.0,0.0,0.0,1.0
-0.19587434748431407,7.0,0.0,2.0,-0.12491978668775715,0.0,2.0,0.0,0.0,1.0
-0.047835107379761786,7.0,0.0,1.0,-0.49078316061772326,0.0,3.0,0.0,0.0,1.0
-0.579797032004597,7.0,0.0,0.0,-0.5029485386158568,0.0,3.0,0.0,0.0,1.0
-0.579797032004597,7.0,0.0,2.0,-0.4918744606632361,0.0,3.0,1.0,0.0,2.0
2.4915844441576667,7.0,0.0,2.0,-0.11384570873513637,0.0,1.0,0.0,0.0,1.0
1.4166009275008742,0.0,1.0,0.0,0.1489119590497745,0.0,1.0,1.0,1.0,5.0
0.42959204480063495,7.0,0.0,0.0,3.9327230485884233,0.0,1.0,0.0,0.0,1.0
0.725540095364365,4.0,1.0,2.0,0.955306180872432,1.0,1.0,1.0,1.0,3.0
0.4951864846521952,7.0,0.0,2.0,-0.29807809649237277,0.0,3.0,1.0,1.0,3.0
-0.054704118667274024,7.0,0.0,1.0,-0.49237782784290063,0.0,3.0,0.0,0.0,1.0
0.8023246322684215,7.0,0.0,2.0,-0.4894421904510968,0.0,3.0,0.0,0.0,1.0
-0.11908981058025749,7.0,0.0,2.0,-0.3766033765200472,0.0,2.0,0.0,0.0,1.0
-0.19753890719986097,7.0,0.0,2.0,-0.4863374216869257,0.0,3.0,0.0,0.0,1.0
0.16385018765074047,7.0,0.0,2.0,-0.4863374216869257,0.0,3.0,1.0,0.0,2.0
-0.42622795819648385,7.0,0.0,2.0,-0.1621689579829361,0.0,3.0,0.0,2.0,1.0
-0.8101506427167667,7.0,0.0,2.0,-0.4894421904510968,0.0,3.0,0.0,0.0,1.0
-0.042305273676200905,7.0,0.0,2.0,-0.22408312108167944,4.0,3.0,1.0,0.0,3.0
0.06486930074270679,7.0,0.0,0.0,-0.5028639729296732,0.0,3.0,0.0,0.0,1.0
0.18804833703596888,7.0,0.0,2.0,-0.4902797934380587,0.0,3.0,0.0,0.0,1.0
2.4915844441576667,7.0,0.0,2.0,-0.43700743807979686,0.0,2.0,0.0,0.0,1.0
1.8005236120211572,2.0,1.0,2.0,0.38809593507663365,0.0,1.0,1.0,2.0,3.0
0.4951864846521952,4.0,1.0,2.0,-0.11711759540295616,0.0,1.0,0.0,0.0,1.0
-0.021303812849775523,7.0,0.0,1.0,-0.49237782784290063,0.0,3.0,1.0,0.0,2.0
-1.0405042534289366,7.0,0.0,2.0,-0.4863374216869257,0.0,3.0,0.0,0.0,1.0
-0.8101506427167667,7.0,0.0,2.0,-0.35646868933346404,0.0,3.0,0.0,0.0,1.0
0.34161741084408204,7.0,0.0,2.0,-0.3866707201133388,0.0,2.0,1.0,0.0,2.0
0.725540095364365,4.0,1.0,2.0,0.4771073601910807,0.0,1.0,1.0,1.0,3.0
-0.08006093261040365,7.0,0.0,0.0,-0.3573083057891445,0.0,3.0,1.0,1.0,3.0
0.18804833703596888,7.0,0.0,2.0,-0.4888542575852486,0.0,3.0,0.0,0.0,1.0
-0.3494434212924273,7.0,0.0,2.0,-0.04438103794142432,1.0,2.0,1.0,1.0,2.0
0.725540095364365,2.0,1.0,0.0,1.5841789061771412,1.0,1.0,1.0,1.0,3.0
1.877308148925214,7.0,0.0,2.0,-0.12491978668775715,0.0,2.0,0.0,0.0,1.0
0.4951864846521952,0.0,1.0,0.0,0.15948266982273065,0.0,1.0,0.0,0.0,1.0
-0.1459689066611728,7.0,0.0,0.0,-0.47299819142581434,0.0,3.0,0.0,0.0,1.0
-0.8869351796208234,4.0,1.0,2.0,0.955306180872432,2.0,1.0,1.0,0.0,2.0
1.3398163905968177,7.0,0.0,2.0,-0.3464013457401724,0.0,2.0,0.0,0.0,1.0
2.338015370349553,1.0,1.0,0.0,0.9462455716384695,1.0,1.0,0.0,1.0,1.0
-0.579797032004597,7.0,0.0,2.0,-0.4863374216869257,0.0,3.0,0.0,0.0,1.0
-0.2443986887605438,7.0,0.0,2.0,-0.4863374216869257,0.0,3.0,0.0,0.0,1.0
0.4184019477481386,7.0,0.0,2.0,-0.5049620073345151,0.0,3.0,0.0,0.0,1.0
1.7237390751171007,3.0,1.0,0.0,0.9274538680872313,0.0,1.0,1.0,1.0,3.0
1.3398163905968177,7.0,0.0,2.0,-0.5024451714361923,0.0,3.0,0.0,0.0,1.0
0.017769825221360308,7.0,0.0,1.0,-0.49237782784290063,2.0,3.0,1.0,0.0,2.0
0.5719710215562518,7.0,0.0,2.0,-0.12491978668775715,0.0,2.0,0.0,1.0,1.0
0.4951864846521952,7.0,0.0,2.0,-0.1621689579829361,1.0,3.0,0.0,1.0,1.0
-0.004518976461438881,7.0,0.0,2.0,0.016023023618325298,0.0,2.0,1.0,0.0,2.0
1.493385464404931,7.0,0.0,2.0,-0.6484216535389205,0.0,3.0,0.0,0.0,1.0
-0.06929122005060172,7.0,0.0,0.0,-0.5029485386158568,0.0,3.0,0.0,0.0,1.0
1.493385464404931,0.0,1.0,0.0,0.49782998024351216,0.0,1.0,0.0,1.0,5.0
-0.42622795819648385,7.0,0.0,2.0,-0.10478509950117394,1.0,2.0,1.0,2.0,3.0
-0.12193387972729589,7.0,0.0,2.0,-0.4894421904510968,0.0,3.0,0.0,0.0,1.0
-0.049993648708053964,7.0,0.0,2.0,0.2052890831722074,0.0,1.0,0.0,0.0,1.0
1.109462779884648,7.0,0.0,2.0,-0.4863374216869257,0.0,3.0,0.0,0.0,1.0
0.4184019477481386,7.0,0.0,0.0,-0.11384570873513637,0.0,1.0,0.0,0.0,1.0
0.4951864846521952,7.0,0.0,2.0,-0.3353272677875516,0.0,3.0,0.0,1.0,1.0
0.03447926322785569,7.0,0.0,2.0,-0.4894421904510968,0.0,3.0,0.0,0.0,1.0
-0.19587434748431407,7.0,0.0,2.0,-0.034313694348132716,0.0,1.0,0.0,0.0,1.0
-0.579797032004597,7.0,0.0,0.0,0.18876253192945994,2.0,2.0,1.0,1.0,3.0
0.8023246322684215,2.0,1.0,2.0,2.441497778832105,0.0,1.0,1.0,0.0,2.0
0.725540095364365,7.0,0.0,2.0,-0.01870931177853076,5.0,3.0,1.0,1.0,3.0
-0.17878931617649388,7.0,0.0,2.0,-0.5064721088735089,0.0,3.0,0.0,0.0,1.0
-0.07400763375694537,7.0,0.0,1.0,-0.3363340021468808,0.0,3.0,1.0,1.0,2.0
0.06885035765535628,7.0,0.0,1.0,-0.49237782784290063,0.0,3.0,0.0,0.0,1.0
0.4184019477481386,7.0,0.0,2.0,-0.4863374216869257,0.0,3.0,0.0,0.0,1.0
-0.42622795819648385,7.0,0.0,2.0,0.6603330135889879,2.0,2.0,1.0,1.0,2.0
0.34161741084408204,7.0,0.0,2.0,-0.35848215805212236,1.0,3.0,0.0,1.0,1.0
-0.27265888438837066,7.0,0.0,2.0,-0.32425318983493084,0.0,3.0,1.0,1.0,3.0
-1.9619186962776156,5.0,1.0,2.0,0.13683114673782454,1.0,2.0,1.0,2.0,2.0
-0.27265888438837066,7.0,0.0,2.0,-0.43700743807979686,0.0,2.0,0.0,0.0,1.0
-0.19587434748431407,7.0,0.0,0.0,-0.3573908580066095,0.0,3.0,0.0,1.0,1.0
0.9558937060765348,3.0,1.0,2.0,0.40974072380221066,0.0,1.0,0.0,1.0,1.0
-0.7333661058127102,7.0,0.0,0.0,-0.33146744825388363,1.0,3.0,0.0,1.0,1.0
-0.6565815689086536,7.0,0.0,2.0,-0.4902797934380587,0.0,3.0,0.0,0.0,1.0
-0.6565815689086536,7.0,0.0,2.0,-0.32425318983493084,0.0,3.0,0.0,0.0,1.0
2.41479990725361,3.0,1.0,2.0,0.002347544081197954,0.0,1.0,0.0,0.0,1.0
2.1076617596373834,7.0,0.0,1.0,-0.3997582667846179,0.0,2.0,0.0,0.0,5.0
-0.6565815689086536,3.0,1.0,2.0,0.921244330558889,0.0,1.0,1.0,0.0,2.0
-0.27265888438837066,7.0,0.0,2.0,-0.4894421904510968,0.0,3.0,0.0,0.0,1.0
-0.07452312819302306,7.0,0.0,1.0,-0.49271407711891657,0.0,3.0,0.0,0.0,1.0
3.873706108430685,0.0,1.0,2.0,-0.04438103794142432,0.0,1.0,0.0,0.0,1.0
1.646954538213044,7.0,0.0,2.0,-0.5063875431873253,0.0,3.0,0.0,0.0,1.0
0.18804833703596888,1.0,1.0,0.0,-0.034313694348132716,0.0,1.0,0.0,0.0,5.0
-0.24227602609693924,7.0,0.0,2.0,-0.6484216535389205,0.0,1.0,0.0,0.0,1.0
-1.5779960117573326,7.0,0.0,2.0,-0.08666388103324908,2.0,3.0,1.0,3.0,2.0
-0.11908981058025749,7.0,0.0,2.0,-0.3866707201133388,0.0,2.0,1.0,0.0,2.0
0.18804833703596888,7.0,0.0,2.0,-0.4888542575852486,0.0,3.0,0.0,0.0,1.0
0.11126380013191227,7.0,0.0,2.0,-0.11988611489111134,1.0,2.0,0.0,1.0,1.0
0.8791091691724782,7.0,0.0,2.0,0.1506737441786005,5.0,3.0,1.0,0.0,3.0
-0.06220178418944037,7.0,0.0,2.0,-0.32425318983493084,0.0,3.0,0.0,1.0,1.0
-0.7333661058127102,7.0,0.0,2.0,-0.4902797934380587,0.0,3.0,0.0,0.0,1.0
-0.42622795819648385,1.0,1.0,0.0,0.7469121684912956,0.0,1.0,1.0,0.0,2.0
-2.115487770085729,7.0,0.0,2.0,-0.08666388103324908,2.0,3.0,1.0,3.0,2.0
0.05836778045609453,7.0,0.0,2.0,0.48910360681684706,0.0,3.0,0.0,0.0,1.0
-2.2114684412157994,7.0,0.0,0.0,-0.26066180729354516,1.0,3.0,1.0,2.0,2.0
1.4166009275008742,3.0,1.0,0.0,0.8964967865378598,0.0,1.0,0.0,1.0,1.0
-0.8101506427167667,7.0,0.0,2.0,-0.4894421904510968,0.0,3.0,0.0,0.0,1.0
2.030877222733327,0.0,1.0,0.0,0.06635974158478332,0.0,1.0,0.0,0.0,5.0
0.0944066947114836,7.0,0.0,2.0,-0.49640476528021726,0.0,3.0,0.0,0.0,1.0
-0.5030124951005405,7.0,0.0,2.0,-0.49640476528021726,0.0,3.0,1.0,0.0,2.0
-0.2794456227274912,7.0,0.0,2.0,-0.4894421904510968,0.0,3.0,0.0,0.0,1.0
-0.8869351796208234,7.0,0.0,2.0,-0.18532384824750675,1.0,2.0,1.0,0.0,2.0
-0.6565815689086536,7.0,0.0,2.0,-0.47861979608830835,0.0,3.0,0.0,0.0,1.0
-0.050369796171045776,7.0,0.0,1.0,-0.49078316061772326,0.0,3.0,1.0,0.0,2.0
-0.8869351796208234,7.0,0.0,1.0,-0.5125125150294839,0.0,3.0,1.0,0.0,2.0
-0.42622795819648385,7.0,0.0,2.0,0.8314778546749452,0.0,2.0,0.0,2.0,1.0
-0.0755276316135471,7.0,0.0,2.0,-0.4894421904510968,0.0,3.0,0.0,0.0,1.0
0.18804833703596888,7.0,0.0,1.0,-0.3363340021468808,1.0,3.0,1.0,1.0,3.0
-0.5030124951005405,7.0,0.0,2.0,-0.3866707201133388,0.0,2.0,0.0,0.0,1.0
2.18444629654144,3.0,1.0,0.0,1.6323350375212924,2.0,1.0,0.0,0.0,1.0
1.5701700013089874,7.0,0.0,2.0,2.042579288947925,0.0,1.0,0.0,2.0,5.0
0.8023246322684215,7.0,0.0,0.0,-0.5029485386158568,0.0,3.0,0.0,0.0,1.0
1.3398163905968177,4.0,1.0,2.0,-0.13322534515222276,0.0,1.0,0.0,0.0,1.0
0.4951864846521952,7.0,0.0,2.0,-0.4974960653257301,0.0,3.0,0.0,0.0,1.0
-0.7333661058127102,7.0,0.0,2.0,-0.4888542575852486,0.0,3.0,0.0,1.0,1.0
0.18804833703596888,7.0,0.0,2.0,0.8314778546749452,0.0,2.0,0.0,2.0,1.0
-0.3494434212924273,7.0,0.0,2.0,-0.3866707201133388,0.0,2.0,0.0,0.0,1.0
-0.05225983237449648,7.0,0.0,2.0,-0.4918744606632361,0.0,3.0,0.0,0.0,1.0
1.0326782429805914,7.0,0.0,2.0,-0.4863374216869257,0.0,3.0,0.0,0.0,1.0
-0.23954053871000688,2.0,1.0,2.0,0.39858208016340624,0.0,1.0,1.0,1.0,3.0
0.8023246322684215,7.0,0.0,2.0,0.13683114673782454,1.0,2.0,1.0,1.0,3.0
0.11126380013191227,1.0,1.0,2.0,0.39858208016340624,0.0,1.0,0.0,1.0,1.0
3.105860739390119,7.0,0.0,2.0,-0.43700743807979686,0.0,2.0,0.0,0.0,1.0
0.11126380013191227,7.0,0.0,2.0,-0.3866707201133388,0.0,2.0,0.0,0.0,1.0
-0.12346070184354359,7.0,0.0,2.0,-0.6484216535389205,0.0,2.0,0.0,0.0,1.0
-0.8869351796208234,7.0,0.0,2.0,-0.4918744606632361,0.0,3.0,0.0,0.0,1.0
-0.38783568974445554,7.0,0.0,2.0,-0.4863374216869257,0.0,3.0,0.0,0.0,1.0
-0.8869351796208234,7.0,0.0,2.0,-0.45026210265472455,0.0,3.0,1.0,0.0,2.0
1.0326782429805914,7.0,0.0,2.0,0.2958951755118318,6.0,3.0,1.0,1.0,3.0
0.4951864846521952,1.0,1.0,0.0,9.667166525013505,1.0,1.0,0.0,0.0,1.0
-0.019291172493910932,7.0,0.0,1.0,-0.48457563655809965,0.0,3.0,1.0,0.0,2.0
-0.19587434748431407,3.0,1.0,0.0,0.8964967865378598,0.0,1.0,0.0,0.0,1.0
-0.7333661058127102,7.0,0.0,2.0,-0.4626791642426904,0.0,3.0,0.0,0.0,1.0
-1.1940733272370496,7.0,0.0,2.0,0.2958951755118318,2.0,3.0,0.0,5.0,1.0
2.338015370349553,7.0,0.0,2.0,0.13683114673782454,1.0,2.0,0.0,1.0,1.0
-0.3494434212924273,7.0,0.0,0.0,0.18876253192945994,2.0,2.0,0.0,1.0,1.0
-1.1940733272370496,7.0,0.0,2.0,0.1506737441786005,1.0,3.0,0.0,4.0,1.0
-0.8101506427167667,7.0,0.0,2.0,-0.44363577710162005,0.0,3.0,0.0,0.0,1.0
-0.8869351796208234,7.0,0.0,2.0,-0.49145565916975514,0.0,3.0,0.0,0.0,1.0
-1.117288790332993,1.0,1.0,2.0,3.6067927997556075,1.0,1.0,1.0,0.0,2.0
0.11126380013191227,1.0,1.0,2.0,0.49925551609632224,0.0,1.0,0.0,1.0,1.0
-1.9619186962776156,7.0,0.0,0.0,-0.37828059596268965,1.0,3.0,1.0,0.0,2.0
-0.06631352873953335,7.0,0.0,2.0,0.48910360681684706,0.0,3.0,0.0,0.0,1.0
-0.3494434212924273,7.0,0.0,0.0,-0.5029485386158568,0.0,3.0,0.0,0.0,1.0
2.338015370349553,7.0,0.0,2.0,-0.11384570873513637,0.0,1.0,0.0,0.0,5.0
1.7237390751171007,7.0,0.0,2.0,-0.3766033765200472,0.0,2.0,0.0,0.0,1.0
1.109462779884648,7.0,0.0,2.0,-0.4863374216869257,0.0,3.0,0.0,0.0,1.0
0.05219263573081274,7.0,0.0,1.0,-0.49271407711891657,0.0,3.0,1.0,0.0,2.0
1.493385464404931,2.0,1.0,0.0,1.5841789061771412,1.0,1.0,0.0,1.0,1.0
0.9558937060765348,5.0,1.0,2.0,-0.494391296561559,0.0,3.0,0.0,0.0,1.0
-0.8869351796208234,2.0,1.0,0.0,3.9327230485884233,0.0,1.0,1.0,1.0,3.0
0.4184019477481386,4.0,1.0,2.0,-0.11913106412161445,0.0,1.0,0.0,0.0,1.0
-0.8869351796208234,7.0,0.0,0.0,-0.3573908580066095,1.0,3.0,1.0,0.0,2.0
-0.3494434212924273,7.0,0.0,1.0,-0.4925449457465493,0.0,3.0,0.0,0.0,1.0
-0.27265888438837066,7.0,0.0,2.0,-0.4902797934380587,0.0,3.0,0.0,1.0,1.0
0.725540095364365,7.0,0.0,2.0,-0.12491978668775715,0.0,2.0,0.0,0.0,1.0
1.1862473167887044,7.0,0.0,2.0,-0.3766033765200472,0.0,2.0,1.0,0.0,3.0
0.9558937060765348,4.0,1.0,2.0,-0.11913106412161445,0.0,1.0,0.0,0.0,1.0
-0.579797032004597,7.0,0.0,2.0,2.4029901895877646,0.0,1.0,1.0,0.0,2.0
0.23883195392837614,7.0,0.0,0.0,-0.3414522396297103,1.0,3.0,0.0,1.0,4.0
-0.42622795819648385,2.0,1.0,0.0,0.3483299278831318,0.0,1.0,1.0,0.0,2.0
0.048184641654888984,2.0,1.0,2.0,-0.11384570873513637,0.0,1.0,0.0,0.0,1.0
1.4166009275008742,2.0,1.0,2.0,0.39858208016340624,0.0,1.0,0.0,1.0,1.0
-0.042305273676200905,7.0,0.0,2.0,-0.457478374542396,0.0,3.0,0.0,0.0,1.0
1.7237390751171007,7.0,0.0,2.0,-0.3866707201133388,0.0,2.0,0.0,0.0,1.0
-0.8101506427167667,5.0,1.0,2.0,-0.494391296561559,0.0,3.0,0.0,0.0,1.0
0.6487555584603084,2.0,1.0,0.0,3.9327230485884233,0.0,1.0,1.0,0.0,2.0
-0.19587434748431407,4.0,1.0,2.0,-0.43700743807979686,0.0,2.0,1.0,0.0,2.0
-0.06521985140963965,7.0,0.0,1.0,-0.3363340021468808,0.0,3.0,0.0,0.0,1.0
0.26483287394002547,7.0,0.0,2.0,-0.4918744606632361,0.0,3.0,0.0,0.0,1.0
-1.8083496224695024,7.0,0.0,2.0,0.016023023618325298,1.0,2.0,1.0,0.0,2.0
-0.96371971652488,7.0,0.0,2.0,-0.5063875431873253,0.0,3.0,0.0,1.0,1.0
0.34161741084408204,7.0,0.0,2.0,-0.3866707201133388,0.0,2.0,0.0,0.0,1.0
1.5701700013089874,7.0,0.0,2.0,-0.3866707201133388,0.0,2.0,0.0,0.0,1.0
-0.19587434748431407,4.0,1.0,2.0,0.4207302360686478,0.0,1.0,0.0,1.0,1.0
-0.7333661058127102,7.0,0.0,2.0,-0.47400492578514347,0.0,3.0,0.0,0.0,1.0
0.03447926322785569,7.0,0.0,2.0,-0.22559322262067316,0.0,2.0,1.0,3.0,3.0
-0.20818351888449593,7.0,0.0,1.0,-0.4926295114327329,0.0,3.0,1.0,0.0,2.0
-0.3494434212924273,7.0,0.0,2.0,-0.12491978668775715,0.0,2.0,0.0,1.0,1.0
-0.3494434212924273,7.0,0.0,2.0,-0.4888542575852486,0.0,3.0,1.0,1.0,2.0
-0.042305273676200905,1.0,1.0,2.0,3.6067927997556075,0.0,1.0,1.0,0.0,2.0
-1.4244269379492196,7.0,0.0,0.0,-0.2701412180209885,0.0,3.0,0.0,0.0,1.0
-0.05938756924985044,7.0,0.0,2.0,-0.6484216535389205,0.0,2.0,0.0,0.0,1.0
-0.5030124951005405,7.0,0.0,2.0,-0.3866707201133388,0.0,2.0,0.0,0.0,1.0
-0.5030124951005405,7.0,0.0,2.0,-0.3866707201133388,0.0,2.0,0.0,0.0,1.0
-0.0806975421282292,7.0,0.0,2.0,-0.32425318983493084,0.0,3.0,0.0,0.0,1.0
1.4166009275008742,7.0,0.0,2.0,0.04370821849987721,3.0,3.0,1.0,1.0,3.0
0.4184019477481386,1.0,1.0,0.0,9.667166525013505,0.0,1.0,0.0,0.0,1.0
0.032559440106024316,7.0,0.0,2.0,-0.4894421904510968,0.0,3.0,0.0,0.0,1.0
-0.16703021345595528,7.0,0.0,2.0,-0.4894421904510968,0.0,3.0,0.0,0.0,1.0
-0.14567778545229254,3.0,1.0,2.0,-0.04438103794142432,0.0,1.0,0.0,0.0,1.0
0.4951864846521952,2.0,1.0,2.0,0.9391984311231651,0.0,1.0,0.0,1.0,1.0
-0.6565815689086536,1.0,1.0,0.0,4.634416897040849,2.0,1.0,1.0,2.0,2.0
-0.42622795819648385,7.0,0.0,2.0,-0.32425318983493084,0.0,3.0,0.0,1.0,1.0
0.11126380013191227,7.0,0.0,2.0,-0.4888542575852486,0.0,3.0,0.0,0.0,1.0
3.105860739390119,1.0,1.0,2.0,0.7811411367084872,1.0,1.0,0.0,1.0,5.0
-1.0405042534289366,7.0,0.0,2.0,-0.24069423801061057,1.0,3.0,0.0,1.0,1.0
0.03447926322785569,7.0,0.0,2.0,-0.3866707201133388,0.0,2.0,1.0,0.0,2.0
-0.8101506427167667,3.0,1.0,2.0,0.4207302360686478,0.0,1.0,0.0,1.0,1.0
0.11126380013191227,7.0,0.0,1.0,-0.49237782784290063,0.0,3.0,0.0,0.0,1.0
-1.9619186962776156,7.0,0.0,2.0,-0.18532384824750675,1.0,2.0,1.0,1.0,2.0
-1.8083496224695024,4.0,1.0,2.0,-0.397241430886295,1.0,3.0,0.0,0.0,4.0
0.26483287394002547,7.0,0.0,2.0,-0.45714212526638004,0.0,3.0,0.0,0.0,1.0
-0.5030124951005405,7.0,0.0,2.0,-0.4894421904510968,0.0,3.0,0.0,0.0,1.0
1.4166009275008742,7.0,0.0,2.0,0.6603330135889879,2.0,2.0,1.0,1.0,3.0
-2.217611204168124,7.0,0.0,2.0,-0.35646868933346404,1.0,2.0,0.0,1.0,4.0
-0.11908981058025749,7.0,0.0,2.0,-0.49145565916975514,0.0,3.0,0.0,0.0,1.0
-0.8869351796208234,7.0,0.0,2.0,-0.41687275089321363,0.0,2.0,0.0,0.0,1.0
0.34161741084408204,7.0,0.0,2.0,-0.4863374216869257,0.0,3.0,0.0,0.0,1.0
0.26483287394002547,1.0,1.0,2.0,1.093228788100527,0.0,1.0,1.0,0.0,5.0
-0.1438200753584956,7.0,0.0,2.0,-0.35646868933346404,0.0,3.0,0.0,0.0,1.0
0.8791091691724782,7.0,0.0,2.0,-0.5049620073345151,0.0,3.0,0.0,0.0,1.0
-0.7333661058127102,7.0,0.0,0.0,-0.5028639729296732,0.0,3.0,0.0,0.0,1.0
0.4951864846521952,1.0,1.0,2.0,1.7677408088510642,2.0,1.0,1.0,1.0,3.0
-1.0405042534289366,7.0,0.0,2.0,-0.4918744606632361,0.0,3.0,0.0,0.0,1.0
1.646954538213044,3.0,1.0,2.0,0.921244330558889,0.0,1.0,1.0,1.0,3.0
0.03159967501437888,7.0,0.0,0.0,0.1489119590497745,0.0,1.0,0.0,0.0,5.0
0.07287153167988399,7.0,0.0,1.0,-0.49237782784290063,0.0,3.0,1.0,0.0,2.0
0.13736953310678013,7.0,0.0,1.0,-0.1621689579829361,0.0,3.0,0.0,1.0,1.0
0.18804833703596888,7.0,0.0,2.0,-0.4800453319411184,0.0,3.0,0.0,0.0,1.0
-0.42622795819648385,7.0,0.0,2.0,-0.45714212526638004,0.0,3.0,0.0,0.0,1.0
1.4166009275008742,7.0,0.0,2.0,-0.4902797934380587,0.0,3.0,0.0,0.0,1.0
2.1076617596373834,4.0,1.0,2.0,-0.43700743807979686,0.0,2.0,1.0,0.0,3.0
0.025516263839950936,7.0,0.0,0.0,-0.5029485386158568,0.0,3.0,0.0,0.0,1.0
1.877308148925214,7.0,0.0,2.0,-0.18532384824750675,3.0,2.0,1.0,1.0,3.0
-0.8869351796208234,7.0,0.0,2.0,-0.49237782784290063,0.0,3.0,0.0,0.0,1.0
-0.005782960360383678,5.0,1.0,1.0,-0.49237782784290063,0.0,3.0,0.0,0.0,1.0
-1.885134159373559,7.0,0.0,2.0,-0.397241430886295,0.0,3.0,1.0,0.0,2.0
0.07431105439509363,7.0,0.0,1.0,-0.4926295114327329,0.0,3.0,0.0,0.0,1.0
1.0326782429805914,1.0,1.0,2.0,3.6067927997556075,1.0,1.0,1.0,0.0,3.0
-1.2708578641411064,7.0,0.0,0.0,-0.5028639729296732,0.0,3.0,1.0,0.0,2.0
-0.96371971652488,1.0,1.0,2.0,0.49925551609632224,0.0,1.0,1.0,1.0,3.0
-0.042305273676200905,3.0,1.0,2.0,-0.04438103794142432,0.0,1.0,0.0,0.0,1.0
0.06783830043137494,7.0,0.0,2.0,-0.17626323901354432,2.0,3.0,0.0,1.0,1.0
-0.3494434212924273,7.0,0.0,2.0,-0.5064721088735089,0.0,3.0,0.0,0.0,1.0
-0.3494434212924273,7.0,0.0,2.0,-0.5024451714361923,0.0,3.0,0.0,0.0,1.0
-0.8869351796208234,7.0,0.0,2.0,-0.4974960653257301,0.0,3.0,1.0,0.0,2.0
-1.6547805486613893,7.0,0.0,1.0,-0.06199888922968463,1.0,3.0,0.0,4.0,4.0
-2.1922723069897856,7.0,0.0,2.0,-0.23415046467497105,2.0,3.0,0.0,1.0,4.0
1.2630318536927612,1.0,1.0,0.0,0.9462455716384695,0.0,1.0,0.0,0.0,1.0
-0.14695569321330804,7.0,0.0,1.0,-0.49237782784290063,0.0,3.0,0.0,0.0,1.0
-1.0405042534289366,7.0,0.0,2.0,-0.12491978668775715,0.0,2.0,0.0,0.0,1.0
0.10518744857144721,7.0,0.0,2.0,0.7519458402879414,2.0,3.0,1.0,8.0,2.0
0.00587192881100428,7.0,0.0,0.0,-0.030371322596999754,0.0,1.0,0.0,0.0,1.0
-0.3494434212924273,7.0,0.0,2.0,-0.4894421904510968,0.0,3.0,0.0,0.0,1.0
0.725540095364365,7.0,0.0,2.0,-0.3866707201133388,0.0,2.0,0.0,0.0,1.0
1.493385464404931,3.0,1.0,2.0,-0.1263453225405672,0.0,1.0,1.0,0.0,5.0
0.11126380013191227,7.0,0.0,2.0,-0.4735861242916626,0.0,3.0,1.0,0.0,3.0
0.03447926322785569,7.0,0.0,0.0,-0.5028639729296732,0.0,3.0,0.0,0.0,1.0
0.03447926322785569,7.0,0.0,2.0,-0.1621689579829361,1.0,3.0,1.0,1.0,3.0
0.34161741084408204,7.0,0.0,2.0,-0.3866707201133388,0.0,2.0,0.0,0.0,1.0
0.11126380013191227,7.0,0.0,2.0,-0.11988611489111134,1.0,2.0,1.0,1.0,3.0
-1.4244269379492196,1.0,1.0,2.0,1.7677408088510642,2.0,1.0,0.0,1.0,4.0
-2.2368073383941383,7.0,0.0,0.0,-0.47694056317694733,1.0,3.0,0.0,0.0,4.0
-0.19587434748431407,7.0,0.0,2.0,-0.5079822104125026,0.0,3.0,0.0,0.0,1.0
0.11126380013191227,7.0,0.0,2.0,-0.4918744606632361,0.0,3.0,0.0,0.0,1.0
0.725540095364365,0.0,1.0,2.0,-0.6484216535389205,0.0,1.0,0.0,0.0,1.0
-0.8869351796208234,7.0,0.0,2.0,-0.4918744606632361,0.0,3.0,1.0,0.0,2.0
0.725540095364365,7.0,0.0,2.0,-0.3866707201133388,0.0,2.0,0.0,0.0,1.0
0.26483287394002547,4.0,1.0,2.0,0.4207302360686478,0.0,1.0,1.0,1.0,3.0
-0.27265888438837066,7.0,0.0,2.0,-0.4896093083547455,0.0,3.0,0.0,0.0,1.0
0.725540095364365,7.0,0.0,2.0,-0.1621689579829361,0.0,3.0,0.0,0.0,1.0
0.4184019477481386,7.0,0.0,2.0,-0.43700743807979686,0.0,2.0,0.0,0.0,1.0
-1.8083496224695024,7.0,0.0,2.0,-0.01870931177853076,2.0,3.0,1.0,4.0,2.0
0.07287153167988399,7.0,0.0,2.0,-0.4863374216869257,0.0,3.0,0.0,0.0,1.0
-0.1759672754367189,1.0,1.0,2.0,-0.6484216535389205,0.0,1.0,0.0,0.0,1.0
-0.5030124951005405,7.0,0.0,2.0,-0.4888542575852486,0.0,3.0,1.0,0.0,2.0
0.11126380013191227,7.0,0.0,0.0,0.09664633805084172,1.0,2.0,0.0,1.0,1.0
1.0326782429805914,7.0,0.0,2.0,-0.5185529211854588,0.0,3.0,0.0,0.0,1.0
-1.501211474853276,7.0,0.0,2.0,-0.08666388103324908,2.0,3.0,0.0,3.0,4.0
1.7237390751171007,1.0,1.0,2.0,1.2341715984066093,1.0,1.0,1.0,1.0,3.0
-0.19587434748431407,7.0,0.0,2.0,-0.47400492578514347,0.0,3.0,0.0,0.0,1.0
0.6487555584603084,7.0,0.0,2.0,-0.6484216535389205,0.0,1.0,0.0,0.0,5.0
-0.19587434748431407,4.0,1.0,2.0,-0.397241430886295,1.0,3.0,1.0,0.0,3.0
-2.115487770085729,7.0,0.0,2.0,0.1506737441786005,1.0,3.0,0.0,4.0,4.0
-0.15610019730482488,7.0,0.0,1.0,-0.5084855775921673,0.0,3.0,0.0,0.0,1.0
-0.010523545687127924,7.0,0.0,2.0,0.48910360681684706,0.0,3.0,0.0,0.0,1.0
-2.1922723069897856,7.0,0.0,0.0,0.09664633805084172,2.0,2.0,0.0,0.0,4.0
-0.03474689378116381,7.0,0.0,1.0,-0.49237782784290063,0.0,3.0,0.0,0.0,1.0
2.4915844441576667,1.0,1.0,2.0,0.962353321387736,0.0,1.0,1.0,0.0,3.0
-1.117288790332993,7.0,0.0,0.0,-0.3573908580066095,0.0,3.0,1.0,1.0,3.0
-2.205325678263475,7.0,0.0,2.0,-0.2708962687904854,1.0,2.0,0.0,1.0,4.0
-0.019555695542092563,7.0,0.0,0.0,-0.5028639729296732,0.0,3.0,0.0,0.0,1.0
-0.5030124951005405,7.0,0.0,2.0,-0.4902797934380587,0.0,3.0,0.0,0.0,1.0
-0.8869351796208234,7.0,0.0,2.0,-0.48130374989027985,0.0,3.0,0.0,0.0,1.0
0.725540095364365,4.0,1.0,0.0,1.0259447039291216,1.0,1.0,1.0,1.0,2.0
-0.6565815689086536,7.0,0.0,2.0,-0.47400492578514347,0.0,3.0,0.0,0.0,1.0
0.02579721165596056,7.0,0.0,2.0,-0.4863374216869257,0.0,3.0,0.0,0.0,1.0
0.18804833703596888,7.0,0.0,2.0,0.48910360681684706,0.0,3.0,0.0,0.0,1.0
0.07984464708253465,2.0,1.0,0.0,-0.05042144409739929,0.0,1.0,0.0,0.0,1.0
-0.7333661058127102,7.0,0.0,2.0,-0.4888542575852486,0.0,3.0,0.0,0.0,1.0
-1.0405042534289366,7.0,0.0,2.0,-0.43700743807979686,0.0,2.0,0.0,0.0,1.0
0.03447926322785569,7.0,0.0,0.0,-0.024246350754841113,0.0,1.0,1.0,0.0,2.0
0.38000967929611035,7.0,0.0,0.0,-0.5188046047752911,0.0,3.0,0.0,0.0,1.0
-0.96371971652488,7.0,0.0,2.0,-0.47400492578514347,0.0,3.0,0.0,0.0,1.0
0.9558937060765348,7.0,0.0,2.0,-0.49640476528021726,0.0,3.0,0.0,0.0,1.0
0.14267715071462833,7.0,0.0,2.0,0.7519458402879414,2.0,3.0,0.0,8.0,1.0
0.4184019477481386,7.0,0.0,0.0,-0.4894421904510968,0.0,3.0,0.0,0.0,1.0
-0.11908981058025749,7.0,0.0,2.0,0.016023023618325298,1.0,2.0,0.0,0.0,5.0
0.2895139972202489,2.0,1.0,0.0,1.145663540471827,0.0,1.0,1.0,1.0,3.0
-1.9619186962776156,7.0,0.0,2.0,-0.01870931177853076,2.0,3.0,0.0,4.0,4.0
3.4129988870063457,7.0,0.0,2.0,-0.4918744606632361,0.0,3.0,0.0,0.0,1.0
-1.5779960117573326,7.0,0.0,0.0,-0.3414522396297103,1.0,3.0,1.0,1.0,2.0
-1.0405042534289366,3.0,1.0,2.0,0.14488502161245778,1.0,1.0,1.0,0.0,2.0
1.109462779884648,7.0,0.0,2.0,-0.12491978668775715,0.0,2.0,1.0,1.0,3.0
-0.8869351796208234,7.0,0.0,2.0,-0.4601623283443675,1.0,3.0,1.0,0.0,3.0
1.1862473167887044,7.0,0.0,2.0,2.671117778445337,1.0,1.0,1.0,1.0,3.0
1.646954538213044,4.0,1.0,2.0,-0.11384570873513637,0.0,1.0,0.0,0.0,1.0
-0.42622795819648385,7.0,0.0,0.0,-0.26066180729354516,3.0,3.0,1.0,0.0,3.0
-0.04546008251928022,7.0,0.0,0.0,-0.5028639729296732,0.0,3.0,0.0,0.0,1.0
0.8791091691724782,7.0,0.0,2.0,-0.36435544630444866,0.0,3.0,0.0,2.0,1.0
-0.6565815689086536,7.0,0.0,2.0,-0.41687275089321363,0.0,2.0,0.0,1.0,1.0
1.4166009275008742,3.0,1.0,2.0,-0.1263453225405672,0.0,1.0,1.0,0.0,3.0
-0.15306863663102652,7.0,0.0,2.0,0.7519458402879414,2.0,3.0,1.0,8.0,2.0
-0.42622795819648385,7.0,0.0,2.0,-0.3866707201133388,0.0,2.0,0.0,0.0,1.0
0.9558937060765348,7.0,0.0,2.0,-0.3866707201133388,0.0,2.0,1.0,0.0,3.0
-0.19587434748431407,7.0,0.0,0.0,-0.3693891181010945,0.0,2.0,1.0,1.0,2.0
0.11126380013191227,0.0,1.0,2.0,0.3682954836973478,0.0,1.0,0.0,0.0,1.0
-0.19936579964935106,7.0,0.0,2.0,-0.45714212526638004,0.0,3.0,0.0,0.0,1.0
-1.9619186962776156,7.0,0.0,2.0,-0.4242561406845337,1.0,3.0,0.0,1.0,4.0
-0.27265888438837066,7.0,0.0,2.0,-0.4894421904510968,0.0,3.0,0.0,0.0,1.0
1.3398163905968177,3.0,1.0,2.0,0.40974072380221066,1.0,1.0,1.0,1.0,3.0
0.26483287394002547,1.0,1.0,2.0,-0.5477482176060045,0.0,1.0,0.0,0.0,1.0
1.3398163905968177,7.0,0.0,2.0,-0.46720946885967163,0.0,3.0,0.0,0.0,1.0
-0.11908981058025749,7.0,0.0,0.0,-0.16518916106092355,0.0,2.0,1.0,1.0,3.0
-1.117288790332993,7.0,0.0,0.0,-0.5029485386158568,0.0,3.0,1.0,0.0,2.0
-0.7333661058127102,7.0,0.0,2.0,-0.45017955043725955,0.0,3.0,0.0,0.0,1.0
-0.8101506427167667,7.0,0.0,2.0,-0.4894421904510968,0.0,3.0,0.0,0.0,1.0
0.010277273710313303,7.0,0.0,2.0,-0.4894421904510968,0.0,3.0,0.0,0.0,1.0
2.030877222733327,2.0,1.0,0.0,1.0259447039291216,1.0,1.0,1.0,0.0,3.0
-0.3494434212924273,7.0,0.0,2.0,-0.12491978668775715,1.0,2.0,1.0,0.0,3.0
0.26483287394002547,7.0,0.0,2.0,-0.4894421904510968,0.0,3.0,0.0,0.0,1.0
-0.579797032004597,7.0,0.0,2.0,-0.4366711888037809,0.0,3.0,1.0,0.0,2.0
-0.11908981058025749,7.0,0.0,2.0,-0.43700743807979686,0.0,2.0,0.0,0.0,1.0
-0.3494434212924273,7.0,0.0,2.0,-0.5064721088735089,0.0,3.0,0.0,0.0,1.0
0.725540095364365,7.0,0.0,1.0,-0.06199888922968463,5.0,3.0,1.0,0.0,3.0
-0.19587434748431407,7.0,0.0,2.0,-0.3866707201133388,0.0,2.0,0.0,0.0,5.0
-0.8101506427167667,1.0,1.0,2.0,-0.04438103794142432,0.0,1.0,1.0,0.0,2.0
0.10973255456624921,7.0,0.0,2.0,-0.17626323901354432,2.0,3.0,1.0,1.0,2.0
-0.27265888438837066,2.0,1.0,0.0,-0.04438103794142432,0.0,1.0,0.0,0.0,1.0
0.18804833703596888,7.0,0.0,1.0,-0.49237782784290063,0.0,3.0,0.0,0.0,1.0
